Rk,Team,Date,Venue,Opp,Comp,Result,GF,GA,GD,Poss,G.PK,PK,PKatt,PKm,xG,xGA,Round,season,Points,matchweek_num,High_stake,xG_diff
1,Arsenal,25-05-2025,@,Southampton,Premier League,W,2,1,1,62,2,0,0,0,2.3,0.6,Matchweek 38,2024-25,3,38,1,1.7
2,Arsenal,18-05-2025,,Newcastle United,Premier League,W,1,0,1,52,1,0,0,0,0.6,1.5,Matchweek 37,2024-25,3,37,1,-0.9
3,Arsenal,11-05-2025,@,Liverpool,Premier League,D,2,2,0,56,2,0,0,0,2.6,2.4,Matchweek 36,2024-25,1,36,1,0.2
4,Arsenal,07-05-2025,@,Paris Saint-Germain,Champions League,L,1,2,-1,54,1,0,0,0,2.8,1.7,Semi-Finals,2024-25,NA,NA,1,1.1
5,Arsenal,03-05-2025,,Bournemouth,Premier League,L,1,2,-1,51,1,0,0,0,1.4,0.9,Matchweek 35,2024-25,NA,35,1,0.5
6,Arsenal,29-04-2025,,Paris Saint-Germain,Champions League,L,0,1,-1,48,0,0,0,0,1.7,1.2,Semi-Finals,2024-25,NA,NA,1,0.5
7,Arsenal,23-04-2025,,Crystal Palace,Premier League,D,2,2,0,68,2,0,0,0,1.2,1.7,Matchweek 34,2024-25,1,34,1,-0.5
8,Arsenal,20-04-2025,@,Ipswich Town,Premier League,W,4,0,4,75,4,0,0,0,2.4,0.2,Matchweek 33,2024-25,3,33,1,2.2
9,Arsenal,16-04-2025,@,Real Madrid,Champions League,W,2,1,1,34,2,0,1,1,2,1.4,Quarter-Finals,2024-25,NA,NA,1,0.6
10,Arsenal,12-04-2025,,Brentford,Premier League,D,1,1,0,64,1,0,0,0,1,0.2,Matchweek 32,2024-25,1,32,0,0.8
11,Arsenal,08-04-2025,,Real Madrid,Champions League,W,3,0,3,54,3,0,0,0,1.5,0.5,Round of 16,2024-25,NA,NA,1,1
12,Arsenal,05-04-2025,@,Everton,Premier League,D,1,1,0,71,1,0,0,0,1.8,1.1,Matchweek 31,2024-25,1,31,0,0.7
13,Arsenal,01-04-2025,,Fulham,Premier League,W,2,1,1,52,2,0,0,0,2.2,1,Matchweek 30,2024-25,3,30,0,1.2
14,Arsenal,16-03-2025,,Chelsea,Premier League,W,1,0,1,41,1,0,0,0,0.7,0.4,Matchweek 29,2024-25,3,29,1,0.3
15,Arsenal,12-03-2025,,PSV,Champions League,D,2,2,0,51,2,0,0,0,1.2,1.6,Round of 16,2024-25,NA,NA,1,-0.4
16,Arsenal,09-03-2025,@,Manchester Utd,Premier League,D,1,1,0,68,1,0,0,0,1.6,1.5,Matchweek 28,2024-25,1,28,0,0.1
17,Arsenal,04-03-2025,@,PSV,Champions League,W,7,1,6,47,7,0,0,0,1.9,1.4,Round of 16,2024-25,NA,NA,1,0.5
18,Arsenal,26-02-2025,@,Nottingham Forest,Premier League,D,0,0,0,65,0,0,0,0,1,0.4,Matchweek 26,2024-25,1,26,0,0.6
19,Arsenal,22-02-2025,,West Ham United,Premier League,L,0,1,-1,68,0,0,0,0,1.2,1.1,Matchweek 25,2024-25,NA,25,0,0.1
20,Arsenal,15-02-2025,@,Leicester City,Premier League,W,2,0,2,60,2,0,0,0,1.4,0.2,Matchweek 24,2024-25,3,24,0,1.2
21,Arsenal,05-02-2025,@,Newcastle United,EFL Cup,L,0,2,-2,68,0,0,0,0,3.2,1.2,Semi-Finals,2024-25,NA,NA,1,2
22,Arsenal,02-02-2025,,Manchester City,Premier League,W,5,1,4,46,5,0,0,0,1,0.8,Matchweek 23,2024-25,3,23,1,0.2
23,Arsenal,29-01-2025,@,Girona,Champions League,W,2,1,1,61,1,1,2,1,2.1,0.7,Group Stage,2024-25,NA,NA,0,1.4
24,Arsenal,25-01-2025,@,Wolves,Premier League,W,1,0,1,49,1,0,0,0,1,0.7,Matchweek 22,2024-25,3,22,0,0.3
25,Arsenal,22-01-2025,,Dinamo Zagreb,Champions League,W,3,0,3,63,3,0,0,0,2.4,0.1,Group Stage,2024-25,NA,NA,0,2.3
26,Arsenal,18-01-2025,,Aston Villa,Premier League,D,2,2,0,66,2,0,0,0,1.3,1,Matchweek 21,2024-25,1,21,0,0.3
27,Arsenal,15-01-2025,,Tottenham Hotspur,Premier League,W,2,1,1,53,1,0,0,0,1.4,0.8,Matchweek 20,2024-25,3,20,1,0.6
28,Arsenal,12-01-2025,,Manchester Utd,FA Cup,D,1,1,0,70,1,0,1,1,3.1,0.3,3rd Round,2024-25,NA,NA,0,0.1
29,Arsenal,07-01-2025,,Newcastle United,EFL Cup,L,0,2,-2,70,0,0,0,0,0.7,0.9,Semi-Finals,2024-25,NA,NA,1,-0.2
30,Arsenal,04-01-2025,@,Brighton,Premier League,D,1,1,0,55,1,0,0,0,0.9,1.5,Matchweek 19,2024-25,1,19,0,-0.6
31,Arsenal,01-01-2025,@,Brentford,Premier League,W,3,1,2,50,3,0,0,0,1.9,0.3,Matchweek 18,2024-25,3,18,0,1.6
32,Arsenal,27-12-2024,,Ipswich Town,Premier League,W,1,0,1,68,1,0,0,0,1.8,0.2,Matchweek 17,2024-25,3,17,0,1.6
33,Arsenal,21-12-2024,@,Crystal Palace,Premier League,W,5,1,4,58,5,0,0,0,2.5,1.6,Matchweek 17,2024-25,3,17,0,0.9
34,Arsenal,18-12-2024,,Crystal Palace,EFL Cup,W,3,2,1,71,3,0,0,0,2.5,1.6,Quarter-Finals,2024-25,NA,NA,1,0.9
35,Arsenal,14-12-2024,,Everton,Premier League,D,0,0,0,77,0,0,0,0,1.2,0.1,Matchweek 16,2024-25,1,16,0,1.1
36,Arsenal,11-12-2024,,Monaco,Champions League,W,3,0,3,55,3,0,0,0,2.3,0.5,Group Stage,2024-25,NA,NA,0,1.8
37,Arsenal,08-12-2024,@,Fulham,Premier League,D,1,1,0,67,1,0,0,0,1.8,0.2,Matchweek 15,2024-25,1,15,0,1.6
38,Arsenal,04-12-2024,,Manchester Utd,Premier League,W,2,0,2,51,2,0,0,0,2.1,0.2,Matchweek 14,2024-25,3,14,0,1.9
39,Arsenal,30-11-2024,@,West Ham United,Premier League,W,5,2,3,60,3,2,2,0,3.5,1.5,Matchweek 13,2024-25,3,13,0,2
40,Arsenal,26-11-2024,@,Sporting CP,Champions League,W,5,1,4,48,4,1,1,0,4,1,Group Stage,2024-25,NA,NA,0,3
41,Arsenal,23-11-2024,,Nottingham Forest,Premier League,W,3,0,3,66,3,0,0,0,1.2,0.3,Matchweek 12,2024-25,3,12,0,0.9
42,Arsenal,10-11-2024,@,Chelsea,Premier League,D,1,1,0,51,1,0,0,0,1.5,1.5,Matchweek 11,2024-25,1,11,1,0
43,Arsenal,06-11-2024,@,Inter,Champions League,L,0,1,-1,63,0,0,0,0,1.8,1.1,Group Stage,2024-25,NA,NA,0,0.7
44,Arsenal,02-11-2024,@,Newcastle United,Premier League,L,0,1,-1,64,0,0,0,0,1.1,0.5,Matchweek 10,2024-25,NA,10,0,0.6
45,Arsenal,30-10-2024,@,Preston North End,EFL Cup,W,3,0,3,74,3,0,0,0,1.6,0.7,4th Round,2024-25,NA,NA,0,0.9
46,Arsenal,27-10-2024,,Liverpool,Premier League,D,2,2,0,45,2,0,0,0,0.9,0.8,Matchweek 9,2024-25,1,9,0,0.1
47,Arsenal,22-10-2024,,Shakhtar Donetsk,Champions League,W,1,0,1,56,0,0,1,1,1.8,0.7,Group Stage,2024-25,NA,NA,0,1.1
48,Arsenal,19-10-2024,@,Bournemouth,Premier League,L,0,2,-2,52,0,0,0,0,0.7,1.8,Matchweek 8,2024-25,NA,8,0,-1.1
49,Arsenal,05-10-2024,,Southampton,Premier League,W,3,1,2,59,3,0,0,0,2.8,0.6,Matchweek 7,2024-25,3,7,0,2.2
50,Arsenal,01-10-2024,,Paris Saint-Germain,Champions League,W,2,0,2,35,2,0,0,0,0.7,0.4,Group Stage,2024-25,NA,NA,0,0.3
51,Arsenal,28-09-2024,,Leicester City,Premier League,W,4,2,2,75,3,0,0,0,4.4,0.3,Matchweek 6,2024-25,3,6,0,4.1
52,Arsenal,25-09-2024,,Bolton Wanderers,EFL Cup,W,5,1,4,77,5,0,0,0,3,1.2,3rd Round,2024-25,NA,NA,0,1.8
53,Arsenal,22-09-2024,@,Manchester City,Premier League,D,2,2,0,22,2,0,0,0,0.7,2.1,Matchweek 5,2024-25,1,5,1,-1.4
54,Arsenal,19-09-2024,@,Atalanta,Champions League,D,0,0,0,46,0,0,0,0,0.8,1.2,Group Stage,2024-25,NA,NA,0,-0.4
55,Arsenal,15-09-2024,@,Tottenham Hotspur,Premier League,W,1,0,1,36,1,0,0,0,0.7,0.7,Matchweek 4,2024-25,3,4,1,0
56,Arsenal,31-08-2024,,Brighton,Premier League,D,1,1,0,36,1,0,0,0,2.1,1.7,Matchweek 3,2024-25,1,3,0,0.4
57,Arsenal,24-08-2024,@,Aston Villa,Premier League,W,2,0,2,61,2,0,0,0,0.9,1.2,Matchweek 2,2024-25,3,2,0,-0.3
58,Arsenal,17-08-2024,,Wolves,Premier League,W,2,0,2,53,2,0,0,0,1.2,0.5,Matchweek 1,2024-25,3,1,0,0.7
59,Arsenal,19-05-2024,,Everton,Premier League,W,2,1,1,69,2,0,0,0,2.9,0.6,Matchweek 38,2023-24,3,38,1,2.3
60,Arsenal,12-05-2024,@,Manchester Utd,Premier League,W,1,0,1,46,1,0,0,0,1.5,0.5,Matchweek 37,2023-24,3,37,1,1
61,Arsenal,04-05-2024,,Bournemouth,Premier League,W,3,0,3,56,2,1,1,0,3.3,0.5,Matchweek 36,2023-24,3,36,1,2.8
62,Arsenal,28-04-2024,@,Tottenham Hotspur,Premier League,W,3,2,1,38,2,0,0,0,1,2.3,Matchweek 35,2023-24,3,35,1,-1.3
63,Arsenal,23-04-2024,,Chelsea,Premier League,W,5,0,5,45,5,0,0,0,3.3,1.6,Matchweek 33,2023-24,3,33,1,1.7
64,Arsenal,20-04-2024,@,Wolves,Premier League,W,2,0,2,54,2,0,0,0,1.2,0.2,Matchweek 34,2023-24,3,34,1,1
65,Arsenal,17-04-2024,@,Bayern Munich,Champions League,L,0,1,-1,49,0,0,0,0,0.4,1.3,Quarter-Finals,2023-24,NA,NA,1,-0.9
66,Arsenal,14-04-2024,,Aston Villa,Premier League,L,0,2,-2,51,0,0,0,0,1.6,0.9,Matchweek 33,2023-24,NA,33,1,0.7
67,Arsenal,09-04-2024,,Bayern Munich,Champions League,D,2,2,0,59,2,0,0,0,1,1.9,Quarter-Finals,2023-24,NA,NA,1,-0.9
68,Arsenal,06-04-2024,@,Brighton,Premier League,W,3,0,3,45,2,1,1,0,3.4,0.5,Matchweek 32,2023-24,3,32,0,2.9
69,Arsenal,03-04-2024,,Luton Town,Premier League,W,2,0,2,58,1,0,0,0,0.7,0.3,Matchweek 31,2023-24,3,31,0,0.4
70,Arsenal,31-03-2024,@,Manchester City,Premier League,D,0,0,0,28,0,0,0,0,0.7,1,Matchweek 30,2023-24,1,30,1,-0.3
71,Arsenal,12-03-2024,,Porto,Champions League,W,1,0,1,58,1,0,0,0,0.9,0.5,Round of 16,2023-24,NA,NA,1,0.4
72,Arsenal,09-03-2024,,Brentford,Premier League,W,2,1,1,72,2,0,0,0,1.3,1,Matchweek 28,2023-24,3,28,0,0.3
73,Arsenal,04-03-2024,@,Sheffield United,Premier League,W,6,0,6,81,5,0,0,0,2.3,0.2,Matchweek 27,2023-24,3,27,0,2.1
74,Arsenal,24-02-2024,,Newcastle United,Premier League,W,4,1,3,55,3,0,0,0,2.8,0.2,Matchweek 26,2023-24,3,26,0,2.6
75,Arsenal,21-02-2024,@,Porto,Champions League,L,0,1,-1,65,0,0,0,0,0.4,1,Round of 16,2023-24,NA,NA,1,-0.6
76,Arsenal,17-02-2024,@,Burnley,Premier League,W,5,0,5,65,4,1,1,0,2.3,0.3,Matchweek 25,2023-24,3,25,0,2
77,Arsenal,11-02-2024,@,West Ham United,Premier League,W,6,0,6,71,5,1,1,0,3.6,0.2,Matchweek 24,2023-24,3,24,0,3.4
78,Arsenal,04-02-2024,,Liverpool,Premier League,W,3,1,2,43,3,0,0,0,3.5,0.4,Matchweek 23,2023-24,3,23,0,3.1
79,Arsenal,30-01-2024,@,Nottingham Forest,Premier League,W,2,1,1,74,2,0,0,0,1.2,0.5,Matchweek 22,2023-24,3,22,0,0.7
80,Arsenal,20-01-2024,,Crystal Palace,Premier League,W,5,0,5,61,5,0,0,0,3.3,0.3,Matchweek 21,2023-24,3,21,0,3
81,Arsenal,07-01-2024,,Liverpool,FA Cup,L,0,2,-2,54,0,0,0,0,1.8,0.6,3rd Round,2023-24,NA,NA,0,1.2
82,Arsenal,31-12-2023,@,Fulham,Premier League,L,1,2,-1,61,1,0,0,0,1.6,1.2,Matchweek 20,2023-24,NA,20,0,0.4
83,Arsenal,28-12-2023,,West Ham United,Premier League,L,0,2,-2,74,0,0,0,0,2.7,1.4,Matchweek 19,2023-24,NA,19,0,1.3
84,Arsenal,23-12-2023,@,Liverpool,Premier League,D,1,1,0,49,1,0,0,0,0.7,1,Matchweek 18,2023-24,1,18,0,-0.3
85,Arsenal,17-12-2023,,Brighton,Premier League,W,2,0,2,50,2,0,0,0,2.3,0.7,Matchweek 17,2023-24,3,17,0,1.6
86,Arsenal,12-12-2023,@,PSV,Champions League,D,1,1,0,58,1,0,0,0,1,1.3,Group Stage,2023-24,NA,NA,0,-0.3
87,Arsenal,09-12-2023,@,Aston Villa,Premier League,L,0,1,-1,61,0,0,0,0,1.4,0.6,Matchweek 16,2023-24,NA,16,0,0.8
88,Arsenal,05-12-2023,@,Luton Town,Premier League,W,4,3,1,67,4,0,0,0,2.2,0.5,Matchweek 15,2023-24,3,15,0,1.7
89,Arsenal,02-12-2023,,Wolves,Premier League,W,2,1,1,56,2,0,0,0,2.8,0.7,Matchweek 14,2023-24,3,14,0,2.1
90,Arsenal,29-11-2023,,Lens,Champions League,W,6,0,6,48,5,1,1,0,2.6,0.4,Group Stage,2023-24,NA,NA,0,2.2
91,Arsenal,25-11-2023,@,Brentford,Premier League,W,1,0,1,64,1,0,0,0,1.6,1.1,Matchweek 13,2023-24,3,13,0,0.5
92,Arsenal,11-11-2023,,Burnley,Premier League,W,3,1,2,64,3,0,0,0,1.8,0.3,Matchweek 12,2023-24,3,12,0,1.5
93,Arsenal,08-11-2023,,Sevilla,Champions League,W,2,0,2,62,2,0,0,0,1.5,0,Group Stage,2023-24,NA,NA,0,1.5
94,Arsenal,04-11-2023,@,Newcastle United,Premier League,L,0,1,-1,59,0,0,0,0,0.6,1,Matchweek 11,2023-24,NA,11,0,-0.4
95,Arsenal,01-11-2023,@,West Ham United,EFL Cup,L,1,3,-2,72,1,0,0,0,0.7,0.4,4th Round,2023-24,NA,NA,0,0.3
96,Arsenal,28-10-2023,,Sheffield United,Premier League,W,5,0,5,67,4,1,1,0,2.8,0,Matchweek 10,2023-24,3,10,0,2.8
97,Arsenal,24-10-2023,@,Sevilla,Champions League,W,2,1,1,44,2,0,0,0,1.9,0.8,Group Stage,2023-24,NA,NA,0,1.1
98,Arsenal,21-10-2023,@,Chelsea,Premier League,D,2,2,0,57,2,0,0,0,1,1.3,Matchweek 9,2023-24,1,9,1,-0.3
99,Arsenal,08-10-2023,,Manchester City,Premier League,W,1,0,1,49,1,0,0,0,0.4,0.5,Matchweek 8,2023-24,3,8,1,-0.1
100,Arsenal,03-10-2023,@,Lens,Champions League,L,1,2,-1,67,1,0,0,0,1.5,0.7,Group Stage,2023-24,NA,NA,0,0.8
101,Arsenal,30-09-2023,@,Bournemouth,Premier League,W,4,0,4,58,2,2,2,0,3.4,0.6,Matchweek 7,2023-24,3,7,0,2.8
102,Arsenal,27-09-2023,@,Brentford,EFL Cup,W,1,0,1,60,1,0,0,0,1.4,1.7,3rd Round,2023-24,NA,NA,0,-0.3
103,Arsenal,24-09-2023,,Tottenham Hotspur,Premier League,D,2,2,0,47,0,1,1,0,1.8,1.4,Matchweek 6,2023-24,1,6,1,0.4
104,Arsenal,20-09-2023,,PSV,Champions League,W,4,0,4,59,4,0,0,0,2.3,0.5,Group Stage,2023-24,NA,NA,0,1.8
105,Arsenal,17-09-2023,@,Everton,Premier League,W,1,0,1,74,1,0,0,0,1,0.3,Matchweek 5,2023-24,3,5,0,0.7
106,Arsenal,03-09-2023,,Manchester Utd,Premier League,W,3,1,2,55,3,0,0,0,2.3,0.9,Matchweek 4,2023-24,3,4,0,1.4
107,Arsenal,26-08-2023,,Fulham,Premier League,D,2,2,0,71,1,1,1,0,3.2,0.6,Matchweek 3,2023-24,1,3,0,2.6
108,Arsenal,21-08-2023,@,Crystal Palace,Premier League,W,1,0,1,54,0,1,1,0,2,1,Matchweek 2,2023-24,3,2,0,1
109,Arsenal,12-08-2023,,Nottingham Forest,Premier League,W,2,1,1,79,2,0,0,0,0.8,1.2,Matchweek 1,2023-24,3,1,0,-0.4
110,Arsenal,06-08-2023,N,Manchester City,FA Community Shield,D,1,1,0,45,1,0,0,0,1,1,Community Shield,2023-24,NA,NA,0,0
111,Arsenal,28-05-2023,,Wolves,Premier League,W,5,0,5,51,5,0,0,0,2.8,0.5,Matchweek 38,2022-23,3,38,1,2.3
112,Arsenal,20-05-2023,@,Nottingham Forest,Premier League,L,0,1,-1,82,0,0,0,0,0.6,0.6,Matchweek 37,2022-23,NA,37,1,0
113,Arsenal,14-05-2023,,Brighton,Premier League,L,0,3,-3,41,0,0,0,0,0.9,1.7,Matchweek 36,2022-23,NA,36,1,-0.8
114,Arsenal,07-05-2023,@,Newcastle United,Premier League,W,2,0,2,46,1,0,0,0,1.3,1.3,Matchweek 35,2022-23,3,35,1,0
115,Arsenal,02-05-2023,,Chelsea,Premier League,W,3,1,2,55,3,0,0,0,1.7,0.8,Matchweek 34,2022-23,3,34,1,0.9
116,Arsenal,26-04-2023,@,Manchester City,Premier League,L,1,4,-3,48,1,0,0,0,0.5,2.5,Matchweek 33,2022-23,NA,33,1,-2
117,Arsenal,21-04-2023,,Southampton,Premier League,D,3,3,0,74,3,0,0,0,2.4,1.3,Matchweek 32,2022-23,1,32,0,1.1
118,Arsenal,16-04-2023,@,West Ham United,Premier League,D,2,2,0,72,2,0,1,1,2.7,1.8,Matchweek 31,2022-23,1,31,0,0.9
119,Arsenal,09-04-2023,@,Liverpool,Premier League,D,2,2,0,41,2,0,0,0,1.4,3.9,Matchweek 30,2022-23,1,30,0,-2.5
120,Arsenal,01-04-2023,,Leeds United,Premier League,W,4,1,3,67,3,1,1,0,3.8,0.7,Matchweek 29,2022-23,3,29,0,3.1
121,Arsenal,19-03-2023,,Crystal Palace,Premier League,W,4,1,3,62,4,0,0,0,1.6,0.8,Matchweek 28,2022-23,3,28,0,0.8
122,Arsenal,16-03-2023,,Sporting CP,Europa League,D,1,1,0,53,1,0,0,0,1.6,1.3,Round of 16,2022-23,NA,NA,1,0.3
123,Arsenal,12-03-2023,@,Fulham,Premier League,W,3,0,3,55,3,0,0,0,2.3,0.8,Matchweek 27,2022-23,3,27,0,1.5
124,Arsenal,09-03-2023,@,Sporting CP,Europa League,D,2,2,0,68,1,0,0,0,2,2.2,Round of 16,2022-23,NA,NA,1,-0.2
125,Arsenal,04-03-2023,,Bournemouth,Premier League,W,3,2,1,81,3,0,0,0,2.1,1.3,Matchweek 26,2022-23,3,26,0,0.8
126,Arsenal,01-03-2023,,Everton,Premier League,W,4,0,4,73,4,0,0,0,2.4,1.2,Matchweek 7,2022-23,3,7,0,1.2
127,Arsenal,25-02-2023,@,Leicester City,Premier League,W,1,0,1,66,1,0,0,0,0.7,0,Matchweek 25,2022-23,3,25,0,0.7
128,Arsenal,18-02-2023,@,Aston Villa,Premier League,W,4,2,2,67,3,0,0,0,3.2,0.5,Matchweek 24,2022-23,3,24,0,2.7
129,Arsenal,15-02-2023,,Manchester City,Premier League,L,1,3,-2,64,0,1,1,0,1.6,1.8,Matchweek 23,2022-23,NA,23,1,-0.2
130,Arsenal,11-02-2023,,Brentford,Premier League,D,1,1,0,69,1,0,0,0,1.6,2,Matchweek 22,2022-23,1,22,0,-0.4
131,Arsenal,04-02-2023,@,Everton,Premier League,L,0,1,-1,70,0,0,0,0,0.9,1.7,Matchweek 21,2022-23,NA,21,0,-0.8
132,Arsenal,27-01-2023,@,Manchester City,FA Cup,L,0,1,-1,46,0,0,0,0,0.5,0.4,4th Round,2022-23,NA,NA,1,0.1
133,Arsenal,22-01-2023,,Manchester Utd,Premier League,W,3,2,1,58,3,0,0,0,3.1,0.4,Matchweek 19,2022-23,3,19,0,2.7
134,Arsenal,15-01-2023,@,Tottenham Hotspur,Premier League,W,2,0,2,49,1,0,0,0,1.8,1.6,Matchweek 20,2022-23,3,20,1,0.2
135,Arsenal,09-01-2023,@,Oxford United,FA Cup,W,3,0,3,64,3,0,0,0,2.5,0.3,3rd Round,2022-23,NA,NA,0,2.2
136,Arsenal,03-01-2023,,Newcastle United,Premier League,D,0,0,0,67,0,0,0,0,1.1,1,Matchweek 17,2022-23,1,17,0,0.1
137,Arsenal,31-12-2022,@,Brighton,Premier League,W,4,2,2,32,4,0,0,0,2.9,1.2,Matchweek 15,2022-23,3,15,0,1.7
138,Arsenal,26-12-2022,,West Ham United,Premier League,W,3,1,2,67,3,0,0,0,2.1,1,Matchweek 14,2022-23,3,14,0,1.1
139,Arsenal,12-11-2022,@,Wolves,Premier League,W,2,0,2,63,2,0,0,0,2.1,0.7,Matchweek 16,2022-23,3,16,0,1.4
140,Arsenal,09-11-2022,,Brighton,EFL Cup,L,1,3,-2,57,1,0,0,0,1.6,2,3rd Round,2022-23,NA,NA,0,-0.4
141,Arsenal,06-11-2022,@,Chelsea,Premier League,W,1,0,1,56,1,0,0,0,2.1,0.3,Matchweek 14,2022-23,3,14,1,1.8
142,Arsenal,03-11-2022,,Zurich,Europa League,W,1,0,1,56,1,0,0,0,1.6,0.4,Group Stage,2022-23,NA,NA,0,1.2
143,Arsenal,30-10-2022,,Nottingham Forest,Premier League,W,5,0,5,69,5,0,0,0,2.3,0.4,Matchweek 13,2022-23,3,13,0,1.9
144,Arsenal,27-10-2022,@,PSV,Europa League,L,0,2,-2,70,0,0,0,0,1.4,0.8,Group Stage,2022-23,NA,NA,0,0.6
145,Arsenal,23-10-2022,@,Southampton,Premier League,D,1,1,0,60,1,0,0,0,1,0.7,Matchweek 12,2022-23,1,12,0,0.3
146,Arsenal,20-10-2022,,PSV,Europa League,W,1,0,1,62,1,0,0,0,2.7,0.3,Group Stage,2022-23,NA,NA,0,2.4
147,Arsenal,16-10-2022,@,Leeds United,Premier League,W,1,0,1,54,1,0,0,0,0.5,1.8,Matchweek 11,2022-23,3,11,0,-1.3
148,Arsenal,13-10-2022,@,Bodo Glimt,Europa League,W,1,0,1,55,1,0,0,0,0.7,0.5,Group Stage,2022-23,NA,NA,0,0.2
149,Arsenal,09-10-2022,,Liverpool,Premier League,W,3,2,1,44,2,1,1,0,2.7,1.1,Matchweek 10,2022-23,3,10,0,1.6
150,Arsenal,06-10-2022,,Bodo Glimt,Europa League,W,3,0,3,49,3,0,0,0,3.4,0.8,Group Stage,2022-23,NA,NA,0,2.6
151,Arsenal,01-10-2022,,Tottenham Hotspur,Premier League,W,3,1,2,65,3,0,0,0,2.4,1.6,Matchweek 9,2022-23,3,9,1,0.8
152,Arsenal,18-09-2022,@,Brentford,Premier League,W,3,0,3,64,3,0,0,0,1.5,0.5,Matchweek 5,2022-23,3,5,0,1
153,Arsenal,08-09-2022,@,Zurich,Europa League,W,2,1,1,70,2,0,0,0,2.3,1.2,Group Stage,2022-23,NA,NA,0,1.1
154,Arsenal,04-09-2022,@,Manchester Utd,Premier League,L,1,3,-2,61,1,0,0,0,1.3,1.5,Matchweek 6,2022-23,NA,6,0,-0.2
155,Arsenal,31-08-2022,,Aston Villa,Premier League,W,2,1,1,60,2,0,0,0,2.4,0.4,Matchweek 5,2022-23,3,5,0,2
156,Arsenal,27-08-2022,,Fulham,Premier League,W,2,1,1,72,2,0,0,0,2.6,0.8,Matchweek 4,2022-23,3,4,0,1.8
157,Arsenal,20-08-2022,@,Bournemouth,Premier League,W,3,0,3,59,3,0,0,0,1.3,0.3,Matchweek 3,2022-23,3,3,0,1
158,Arsenal,13-08-2022,,Leicester City,Premier League,W,4,2,2,50,4,0,0,0,2.7,0.5,Matchweek 2,2022-23,3,2,0,2.2
159,Arsenal,05-08-2022,@,Crystal Palace,Premier League,W,2,0,2,44,1,0,0,0,1,1.2,Matchweek 1,2022-23,3,1,0,-0.2
160,Arsenal,22-05-2022,,Everton,Premier League,W,5,1,4,74,4,1,1,0,4.2,1.1,Matchweek 38,2021-22,3,38,1,3.1
161,Arsenal,16-05-2022,@,Newcastle United,Premier League,L,0,2,-2,49,0,0,0,0,0.6,1.6,Matchweek 37,2021-22,NA,37,1,-1
162,Arsenal,12-05-2022,@,Tottenham Hotspur,Premier League,L,0,3,-3,42,0,0,0,0,0.5,2.7,Matchweek 22,2021-22,NA,22,1,-2.2
163,Arsenal,08-05-2022,,Leeds United,Premier League,W,2,1,1,64,2,0,0,0,2,0.3,Matchweek 36,2021-22,3,36,1,1.7
164,Arsenal,01-05-2022,@,West Ham United,Premier League,W,2,1,1,44,2,0,0,0,0.9,0.5,Matchweek 35,2021-22,3,35,1,0.4
165,Arsenal,23-04-2022,,Manchester Utd,Premier League,W,3,1,2,56,2,1,1,0,2.3,1.8,Matchweek 34,2021-22,3,34,1,0.5
166,Arsenal,20-04-2022,@,Chelsea,Premier League,W,4,2,2,32,3,1,1,0,2,0.7,Matchweek 25,2021-22,3,25,1,1.3
167,Arsenal,16-04-2022,@,Southampton,Premier League,L,0,1,-1,76,0,0,0,0,1.7,0.8,Matchweek 33,2021-22,NA,33,1,0.9
168,Arsenal,09-04-2022,,Brighton,Premier League,L,1,2,-1,65,1,0,0,0,1.9,0.6,Matchweek 32,2021-22,NA,32,0,1.3
169,Arsenal,04-04-2022,@,Crystal Palace,Premier League,L,0,3,-3,69,0,0,0,0,0.8,1.5,Matchweek 31,2021-22,NA,31,0,-0.7
170,Arsenal,19-03-2022,@,Aston Villa,Premier League,W,1,0,1,54,1,0,0,0,1.3,0.5,Matchweek 30,2021-22,3,30,0,0.8
171,Arsenal,16-03-2022,,Liverpool,Premier League,L,0,2,-2,49,0,0,0,0,0.5,0.8,Matchweek 27,2021-22,NA,27,0,-0.3
172,Arsenal,13-03-2022,,Leicester City,Premier League,W,2,0,2,46,1,1,1,0,2.4,0.4,Matchweek 28,2021-22,3,28,0,2
173,Arsenal,06-03-2022,@,Watford,Premier League,W,3,2,1,57,3,0,0,0,1,1,Matchweek 26,2021-22,3,26,0,0
174,Arsenal,24-02-2022,,Wolves,Premier League,W,2,1,1,55,1,0,0,0,3.1,1,Matchweek 24,2021-22,3,24,0,2.1
175,Arsenal,19-02-2022,,Brentford,Premier League,W,2,1,1,67,2,0,0,0,1.7,0.6,Matchweek 24,2021-22,3,24,0,1.1
176,Arsenal,10-02-2022,@,Wolves,Premier League,W,1,0,1,41,1,0,0,0,1.8,0.8,Matchweek 24,2021-22,3,24,0,1
177,Arsenal,23-01-2022,,Burnley,Premier League,D,0,0,0,76,0,0,0,0,1.2,0.4,Matchweek 23,2021-22,1,23,0,0.8
178,Arsenal,20-01-2022,,Liverpool,EFL Cup,L,0,2,-2,46,0,0,0,0,0.6,0.3,Semi-Finals,2021-22,NA,NA,1,0.3
179,Arsenal,13-01-2022,@,Liverpool,EFL Cup,D,0,0,0,22,0,0,0,0,0.3,0.6,Semi-Finals,2021-22,NA,NA,1,-0.3
180,Arsenal,09-01-2022,@,Nottingham Forest,FA Cup,L,0,1,-1,67,0,0,0,0,2.1,0.3,3rd Round,2021-22,NA,NA,0,1.8
181,Arsenal,01-01-2022,,Manchester City,Premier League,L,1,2,-1,29,1,0,0,0,0.8,2,Matchweek 21,2021-22,NA,21,1,-1.2
182,Arsenal,26-12-2021,@,Norwich City,Premier League,W,5,0,5,65,4,1,1,0,2.5,0.1,Matchweek 19,2021-22,3,19,0,2.4
183,Arsenal,21-12-2021,,Sunderland,EFL Cup,W,5,1,4,68,5,0,0,0,1.5,0.2,4th Round,2021-22,NA,NA,0,1.3
184,Arsenal,18-12-2021,@,Leeds United,Premier League,W,4,1,3,49,4,0,0,0,3.5,1.6,Matchweek 18,2021-22,3,18,0,1.9
185,Arsenal,15-12-2021,,West Ham United,Premier League,W,2,0,2,57,2,0,1,1,2.8,0.4,Matchweek 17,2021-22,3,17,0,2.4
186,Arsenal,11-12-2021,,Southampton,Premier League,W,3,0,3,62,3,0,0,0,1.8,0.6,Matchweek 16,2021-22,3,16,0,1.2
187,Arsenal,06-12-2021,@,Everton,Premier League,L,1,2,-1,64,1,0,0,0,1,0.9,Matchweek 15,2021-22,NA,15,0,0.1
188,Arsenal,02-12-2021,@,Manchester Utd,Premier League,L,2,3,-1,55,2,0,0,0,1.4,1.9,Matchweek 14,2021-22,NA,14,0,-0.5
189,Arsenal,27-11-2021,,Newcastle United,Premier League,W,2,0,2,66,2,0,0,0,2.5,0.3,Matchweek 13,2021-22,3,13,0,2.2
190,Arsenal,20-11-2021,@,Liverpool,Premier League,L,0,4,-4,37,0,0,0,0,0.4,4.3,Matchweek 12,2021-22,NA,12,0,-3.9
191,Arsenal,07-11-2021,,Watford,Premier League,W,1,0,1,61,1,0,1,1,1.6,0.5,Matchweek 11,2021-22,3,11,0,1.1
192,Arsenal,30-10-2021,@,Leicester City,Premier League,W,2,0,2,36,2,0,0,0,0.7,1.3,Matchweek 10,2021-22,3,10,0,-0.6
193,Arsenal,26-10-2021,,Leeds United,EFL Cup,W,2,0,2,45,2,0,0,0,2.2,0.2,4th Round,2021-22,NA,NA,0,2
194,Arsenal,22-10-2021,,Aston Villa,Premier League,W,3,1,2,54,3,0,1,1,2.7,1.4,Matchweek 9,2021-22,3,9,0,1.3
195,Arsenal,18-10-2021,,Crystal Palace,Premier League,D,2,2,0,54,2,0,0,0,1.7,0.7,Matchweek 8,2021-22,1,8,0,1
196,Arsenal,02-10-2021,@,Brighton,Premier League,D,0,0,0,42,0,0,0,0,0.4,1.1,Matchweek 7,2021-22,1,7,0,-0.7
197,Arsenal,26-09-2021,,Tottenham Hotspur,Premier League,W,3,1,2,47,3,0,0,0,1.1,1,Matchweek 6,2021-22,3,6,1,0.1
198,Arsenal,22-09-2021,,AFC Wimbledon,EFL Cup,W,3,0,3,62,2,1,1,0,NA,NA,3rd Round,2021-22,NA,NA,0,NA
199,Arsenal,18-09-2021,@,Burnley,Premier League,W,1,0,1,56,1,0,0,0,1.1,1,Matchweek 5,2021-22,3,5,0,0.1
200,Arsenal,11-09-2021,,Norwich City,Premier League,W,1,0,1,52,1,0,0,0,2.7,0.7,Matchweek 4,2021-22,3,4,0,2
201,Arsenal,28-08-2021,@,Manchester City,Premier League,L,0,5,-5,19,0,0,0,0,0.2,4.4,Matchweek 3,2021-22,NA,3,1,-4.2
202,Arsenal,25-08-2021,@,West Brom,EFL Cup,W,6,0,6,75,6,0,0,0,NA,NA,3rd Round,2021-22,NA,NA,0,NA
203,Arsenal,22-08-2021,,Chelsea,Premier League,L,0,2,-2,35,0,0,0,0,0.3,3.1,Matchweek 2,2021-22,NA,2,1,-2.8
204,Arsenal,13-08-2021,@,Brentford,Premier League,L,0,2,-2,65,0,0,0,0,1.3,1.2,Matchweek 1,2021-22,NA,1,0,0.1
205,Arsenal,23-05-2021,,Brighton,Premier League,W,2,0,2,54,2,0,0,0,0.8,0.2,Matchweek 38,2020-21,3,38,1,0.6
206,Arsenal,19-05-2021,@,Crystal Palace,Premier League,W,3,1,2,69,3,0,0,0,1.8,1,Matchweek 37,2020-21,3,37,1,0.8
207,Arsenal,12-05-2021,@,Chelsea,Premier League,W,1,0,1,32,1,0,0,0,0.6,1.8,Matchweek 36,2020-21,3,36,1,-1.2
208,Arsenal,09-05-2021,,West Brom,Premier League,W,3,1,2,66,3,0,0,0,0.9,1.8,Matchweek 35,2020-21,3,35,1,-0.9
209,Arsenal,06-05-2021,,Villarreal,Europa League,D,0,0,0,56,0,0,0,0,1.1,0.3,Semi-Finals,2020-21,NA,NA,1,0.8
210,Arsenal,02-05-2021,@,Newcastle United,Premier League,W,2,0,2,62,2,0,0,0,2,0.3,Matchweek 34,2020-21,3,34,1,1.7
211,Arsenal,29-04-2021,@,Villarreal,Europa League,L,1,2,-1,53,0,1,1,0,1.2,1.2,Semi-Finals,2020-21,NA,NA,1,0
212,Arsenal,23-04-2021,,Everton,Premier League,L,0,1,-1,59,0,0,0,0,0.8,0.5,Matchweek 33,2020-21,NA,33,1,0.3
213,Arsenal,18-04-2021,,Fulham,Premier League,D,1,1,0,69,1,0,0,0,2.7,0.9,Matchweek 32,2020-21,1,32,0,1.8
214,Arsenal,15-04-2021,@,Slavia Prague,Europa League,W,4,0,4,39,3,1,1,0,1.9,0.4,Quarter-Finals,2020-21,NA,NA,1,1.5
215,Arsenal,11-04-2021,@,Sheffield United,Premier League,W,3,0,3,55,3,0,0,0,1.7,0.3,Matchweek 31,2020-21,3,31,0,1.4
216,Arsenal,08-04-2021,,Slavia Prague,Europa League,D,1,1,0,55,1,0,0,0,2.1,0.7,Quarter-Finals,2020-21,NA,NA,1,1.4
217,Arsenal,03-04-2021,,Liverpool,Premier League,L,0,3,-3,36,0,0,0,0,0.1,2.4,Matchweek 30,2020-21,NA,30,0,-2.3
218,Arsenal,21-03-2021,@,West Ham United,Premier League,D,3,3,0,63,1,0,0,0,1.4,2.4,Matchweek 29,2020-21,1,29,0,-1
219,Arsenal,18-03-2021,,Olympiacos,Europa League,L,0,1,-1,46,0,0,0,0,2.5,0.7,Round of 16,2020-21,NA,NA,1,1.8
220,Arsenal,14-03-2021,,Tottenham Hotspur,Premier League,W,2,1,1,53,1,1,1,0,1.7,0.4,Matchweek 28,2020-21,3,28,1,1.3
221,Arsenal,11-03-2021,@,Olympiacos,Europa League,W,3,1,2,59,3,0,0,0,1.1,0.8,Round of 16,2020-21,NA,NA,1,0.3
222,Arsenal,06-03-2021,@,Burnley,Premier League,D,1,1,0,59,1,0,0,0,2.5,1.1,Matchweek 27,2020-21,1,27,0,1.4
223,Arsenal,28-02-2021,@,Leicester City,Premier League,W,3,1,2,56,2,1,1,0,2.3,0.4,Matchweek 26,2020-21,3,26,0,1.9
224,Arsenal,25-02-2021,N,Benfica,Europa League,W,3,2,1,53,3,0,0,0,1.5,0.9,Round of 32,2020-21,NA,NA,0,0.6
225,Arsenal,21-02-2021,,Manchester City,Premier League,L,0,1,-1,45,0,0,0,0,0.3,1.8,Matchweek 25,2020-21,NA,25,1,-1.5
226,Arsenal,18-02-2021,N,Benfica,Europa League,D,1,1,0,59,1,0,0,0,1.4,1,Round of 32,2020-21,NA,NA,0,0.4
227,Arsenal,14-02-2021,,Leeds United,Premier League,W,4,2,2,46,3,1,1,0,2.3,0.9,Matchweek 24,2020-21,3,24,0,1.4
228,Arsenal,06-02-2021,@,Aston Villa,Premier League,L,0,1,-1,66,0,0,0,0,0.8,1.2,Matchweek 23,2020-21,NA,23,0,-0.4
229,Arsenal,02-02-2021,@,Wolves,Premier League,L,1,2,-1,45,1,0,0,0,0.8,1.5,Matchweek 22,2020-21,NA,22,0,-0.7
230,Arsenal,30-01-2021,,Manchester Utd,Premier League,D,0,0,0,43,0,0,0,0,0.9,1.6,Matchweek 21,2020-21,1,21,0,-0.7
231,Arsenal,26-01-2021,@,Southampton,Premier League,W,3,1,2,42,3,0,0,0,2.2,0.8,Matchweek 20,2020-21,3,20,0,1.4
232,Arsenal,23-01-2021,@,Southampton,FA Cup,L,0,1,-1,62,0,0,0,0,NA,NA,4th Round,2020-21,NA,NA,0,NA
233,Arsenal,18-01-2021,,Newcastle United,Premier League,W,3,0,3,66,3,0,0,0,2.4,0.2,Matchweek 19,2020-21,3,19,0,2.2
234,Arsenal,14-01-2021,,Crystal Palace,Premier League,D,0,0,0,67,0,0,0,0,0.4,0.8,Matchweek 18,2020-21,1,18,0,-0.4
235,Arsenal,09-01-2021,,Newcastle United,FA Cup,W,2,0,2,61,2,0,0,0,NA,NA,3rd Round,2020-21,NA,NA,0,NA
236,Arsenal,02-01-2021,@,West Brom,Premier League,W,4,0,4,62,4,0,0,0,3.7,1,Matchweek 17,2020-21,3,17,0,2.7
237,Arsenal,29-12-2020,@,Brighton,Premier League,W,1,0,1,50,1,0,0,0,1.1,0.8,Matchweek 16,2020-21,3,16,0,0.3
238,Arsenal,26-12-2020,,Chelsea,Premier League,W,3,1,2,40,2,1,1,0,2,2.6,Matchweek 15,2020-21,3,15,1,-0.6
239,Arsenal,22-12-2020,,Manchester City,EFL Cup,L,1,4,-3,43,1,0,0,0,1.6,1.4,Quarter-Finals,2020-21,NA,NA,1,0.2
240,Arsenal,19-12-2020,@,Everton,Premier League,L,1,2,-1,58,0,1,1,0,1.4,0.6,Matchweek 14,2020-21,NA,14,0,0.8
241,Arsenal,16-12-2020,,Southampton,Premier League,D,1,1,0,35,1,0,0,0,0.6,1.2,Matchweek 13,2020-21,1,13,0,-0.6
242,Arsenal,13-12-2020,,Burnley,Premier League,L,0,1,-1,65,0,0,0,0,1.6,1.4,Matchweek 12,2020-21,NA,12,0,0.2
243,Arsenal,10-12-2020,@,Dundalk FC,Europa League,W,4,2,2,52,4,0,0,0,1.5,0.3,Group Stage,2020-21,NA,NA,0,1.2
244,Arsenal,06-12-2020,@,Tottenham Hotspur,Premier League,L,0,2,-2,69,0,0,0,0,0.6,0.3,Matchweek 11,2020-21,NA,11,1,0.3
245,Arsenal,03-12-2020,,Rapid Wien,Europa League,W,4,1,3,71,4,0,0,0,2.9,1.5,Group Stage,2020-21,NA,NA,0,1.4
246,Arsenal,29-11-2020,,Wolves,Premier League,L,1,2,-1,56,1,0,0,0,1.5,1.8,Matchweek 10,2020-21,NA,10,0,-0.3
247,Arsenal,26-11-2020,@,Molde,Europa League,W,3,0,3,50,3,0,0,0,2.4,1.3,Group Stage,2020-21,NA,NA,0,1.1
248,Arsenal,22-11-2020,@,Leeds United,Premier League,D,0,0,0,34,0,0,0,0,0.9,1.8,Matchweek 9,2020-21,1,9,0,-0.9
249,Arsenal,08-11-2020,,Aston Villa,Premier League,L,0,3,-3,59,0,0,0,0,1.5,1.8,Matchweek 8,2020-21,NA,8,0,-0.3
250,Arsenal,05-11-2020,,Molde,Europa League,W,4,1,3,58,2,0,0,0,2.6,0.2,Group Stage,2020-21,NA,NA,0,2.4
251,Arsenal,01-11-2020,@,Manchester Utd,Premier League,W,1,0,1,47,0,1,1,0,1,0.4,Matchweek 7,2020-21,3,7,0,0.6
252,Arsenal,29-10-2020,,Dundalk FC,Europa League,W,3,0,3,62,3,0,0,0,3,0.2,Group Stage,2020-21,NA,NA,0,2.8
253,Arsenal,25-10-2020,,Leicester City,Premier League,L,0,1,-1,57,0,0,0,0,0.7,0.7,Matchweek 6,2020-21,NA,6,0,0
254,Arsenal,22-10-2020,@,Rapid Wien,Europa League,W,2,1,1,67,2,0,0,0,1.5,1.5,Group Stage,2020-21,NA,NA,0,0
255,Arsenal,17-10-2020,@,Manchester City,Premier League,L,0,1,-1,41,0,0,0,0,0.9,1.3,Matchweek 5,2020-21,NA,5,1,-0.4
256,Arsenal,04-10-2020,,Sheffield United,Premier League,W,2,1,1,65,2,0,0,0,0.6,0.2,Matchweek 4,2020-21,3,4,0,0.4
257,Arsenal,01-10-2020,@,Liverpool,EFL Cup,D,0,0,0,44,0,0,0,0,NA,NA,4th Round,2020-21,NA,NA,0,NA
258,Arsenal,28-09-2020,@,Liverpool,Premier League,L,1,3,-2,34,1,0,0,0,1.3,2.7,Matchweek 3,2020-21,NA,3,0,-1.4
259,Arsenal,23-09-2020,@,Leicester City,EFL Cup,W,2,0,2,51,1,0,0,0,NA,NA,3rd Round,2020-21,NA,NA,0,NA
260,Arsenal,19-09-2020,,West Ham United,Premier League,W,2,1,1,63,2,0,0,0,1.1,2,Matchweek 2,2020-21,3,2,0,-0.9
261,Arsenal,12-09-2020,@,Fulham,Premier League,W,3,0,3,55,3,0,0,0,1.9,0.1,Matchweek 1,2020-21,3,1,0,1.8
262,Arsenal,29-08-2020,N,Liverpool,FA Community Shield,D,1,1,0,40,1,0,0,0,1,1,Community Shield,2020-21,NA,NA,0,0
263,Arsenal,01-08-2020,N,Chelsea,FA Cup,W,2,1,1,40,1,1,1,0,NA,NA,Final,2020-21,NA,NA,1,NA
264,Arsenal,26-07-2020,,Watford,Premier League,W,3,2,1,51,2,1,1,0,2.3,3.7,Matchweek 38,2019-20,3,38,1,-1.4
265,Arsenal,21-07-2020,@,Aston Villa,Premier League,L,0,1,-1,69,0,0,0,0,0.6,0.6,Matchweek 37,2019-20,NA,37,1,0
266,Arsenal,18-07-2020,N,Manchester City,FA Cup,W,2,0,2,29,2,0,0,0,NA,NA,Semi-Finals,2019-20,NA,NA,1,NA
267,Arsenal,15-07-2020,,Liverpool,Premier League,W,2,1,1,31,2,0,0,0,0.8,2.1,Matchweek 36,2019-20,3,36,1,-1.3
268,Arsenal,12-07-2020,@,Tottenham Hotspur,Premier League,L,1,2,-1,63,1,0,0,0,0.6,2,Matchweek 35,2019-20,NA,35,1,-1.4
269,Arsenal,07-07-2020,,Leicester City,Premier League,D,1,1,0,38,1,0,0,0,1.1,0.9,Matchweek 34,2019-20,1,34,1,0.2
270,Arsenal,04-07-2020,@,Wolves,Premier League,W,2,0,2,48,2,0,0,0,1.3,1.2,Matchweek 33,2019-20,3,33,1,0.1
271,Arsenal,01-07-2020,,Norwich City,Premier League,W,4,0,4,52,4,0,0,0,1.5,0.3,Matchweek 32,2019-20,3,32,0,1.2
272,Arsenal,28-06-2020,@,Sheffield United,FA Cup,W,2,1,1,59,1,1,1,0,NA,NA,5th Round,2019-20,NA,NA,0,NA
273,Arsenal,25-06-2020,@,Southampton,Premier League,W,2,0,2,48,2,0,0,0,1.9,0.9,Matchweek 31,2019-20,3,31,0,1
274,Arsenal,20-06-2020,@,Brighton,Premier League,L,1,2,-1,59,1,0,0,0,0.8,1,Matchweek 30,2019-20,NA,30,0,-0.2
275,Arsenal,17-06-2020,@,Manchester City,Premier League,L,0,3,-3,33,0,0,0,0,0.3,2.6,Matchweek 28,2019-20,NA,28,1,-2.3
276,Arsenal,07-03-2020,,West Ham United,Premier League,W,1,0,1,69,1,0,0,0,1.2,1.5,Matchweek 29,2019-20,3,29,0,-0.3
277,Arsenal,02-03-2020,@,Portsmouth,FA Cup,W,2,0,2,73,2,0,0,0,NA,NA,5th Round,2019-20,NA,NA,0,NA
278,Arsenal,27-02-2020,,Olympiacos,Europa League,L,1,2,-1,61,1,0,0,0,2,1.2,Round of 32,2019-20,NA,NA,0,0.8
279,Arsenal,23-02-2020,,Everton,Premier League,W,3,2,1,51,3,0,0,0,1.3,2.7,Matchweek 27,2019-20,3,27,0,-1.4
280,Arsenal,20-02-2020,@,Olympiacos,Europa League,W,1,0,1,49,1,0,0,0,2.3,0.4,Round of 32,2019-20,NA,NA,0,1.9
281,Arsenal,16-02-2020,,Newcastle United,Premier League,W,4,0,4,69,4,0,0,0,2.6,0.9,Matchweek 26,2019-20,3,26,0,1.7
282,Arsenal,02-02-2020,@,Burnley,Premier League,D,0,0,0,58,0,0,0,0,1.2,1.9,Matchweek 25,2019-20,1,25,0,-0.7
283,Arsenal,27-01-2020,@,Bournemouth,FA Cup,W,2,1,1,60,2,0,0,0,NA,NA,4th Round,2019-20,NA,NA,0,NA
284,Arsenal,21-01-2020,@,Chelsea,Premier League,D,2,2,0,41,2,0,0,0,0.4,2.9,Matchweek 24,2019-20,1,24,1,-2.5
285,Arsenal,18-01-2020,,Sheffield United,Premier League,D,1,1,0,61,1,0,0,0,1.4,0.8,Matchweek 23,2019-20,1,23,0,0.6
286,Arsenal,11-01-2020,@,Crystal Palace,Premier League,D,1,1,0,58,1,0,0,0,1.4,0.6,Matchweek 22,2019-20,1,22,0,0.8
287,Arsenal,06-01-2020,,Leeds United,FA Cup,W,1,0,1,42,1,0,0,0,NA,NA,3rd Round,2019-20,NA,NA,0,NA
288,Arsenal,01-01-2020,,Manchester Utd,Premier League,W,2,0,2,49,2,0,0,0,1.5,0.7,Matchweek 21,2019-20,3,21,0,0.8
289,Arsenal,29-12-2019,,Chelsea,Premier League,L,1,2,-1,42,1,0,0,0,0.5,1.4,Matchweek 20,2019-20,NA,20,1,-0.9
290,Arsenal,26-12-2019,@,Bournemouth,Premier League,D,1,1,0,61,1,0,0,0,1.4,2,Matchweek 19,2019-20,1,19,0,-0.6
291,Arsenal,21-12-2019,@,Everton,Premier League,D,0,0,0,57,0,0,0,0,0.6,0.5,Matchweek 18,2019-20,1,18,0,0.1
292,Arsenal,15-12-2019,,Manchester City,Premier League,L,0,3,-3,42,0,0,0,0,0.5,1.3,Matchweek 17,2019-20,NA,17,1,-0.8
293,Arsenal,12-12-2019,@,Standard Liage,Europa League,D,2,2,0,57,2,0,0,0,1.6,0.5,Group Stage,2019-20,NA,NA,0,1.1
294,Arsenal,09-12-2019,@,West Ham United,Premier League,W,3,1,2,64,3,0,0,0,1.4,0.6,Matchweek 16,2019-20,3,16,0,0.8
295,Arsenal,05-12-2019,,Brighton,Premier League,L,1,2,-1,49,1,0,0,0,0.9,1.7,Matchweek 15,2019-20,NA,15,0,-0.8
296,Arsenal,01-12-2019,@,Norwich City,Premier League,D,2,2,0,60,1,1,1,0,1.9,0.8,Matchweek 14,2019-20,1,14,0,1.1
297,Arsenal,28-11-2019,,Eintracht Frankfurt,Europa League,L,1,2,-1,58,1,0,0,0,1.3,1.2,Group Stage,2019-20,NA,NA,0,0.1
298,Arsenal,23-11-2019,,Southampton,Premier League,D,2,2,0,61,2,0,0,0,1.8,2.4,Matchweek 13,2019-20,1,13,0,-0.6
299,Arsenal,09-11-2019,@,Leicester City,Premier League,L,0,2,-2,49,0,0,0,0,1,1.2,Matchweek 12,2019-20,NA,12,0,-0.2
300,Arsenal,06-11-2019,@,Vitoria Guimaraes,Europa League,D,1,1,0,65,1,0,0,0,1.2,1,Group Stage,2019-20,NA,NA,0,0.2
301,Arsenal,02-11-2019,,Wolves,Premier League,D,1,1,0,58,1,0,0,0,0.9,1.8,Matchweek 11,2019-20,1,11,0,-0.9
302,Arsenal,30-10-2019,@,Liverpool,EFL Cup,D,5,5,0,34,5,0,0,0,NA,NA,4th Round,2019-20,NA,NA,0,NA
303,Arsenal,27-10-2019,,Crystal Palace,Premier League,D,2,2,0,57,2,0,0,0,1.3,1.6,Matchweek 10,2019-20,1,10,0,-0.3
304,Arsenal,24-10-2019,,Vitoria Guimaraes,Europa League,W,3,2,1,68,3,0,0,0,2.3,1.7,Group Stage,2019-20,NA,NA,0,0.6
305,Arsenal,21-10-2019,@,Sheffield United,Premier League,L,0,1,-1,69,0,0,0,0,1,0.9,Matchweek 9,2019-20,NA,9,0,0.1
306,Arsenal,06-10-2019,,Bournemouth,Premier League,W,1,0,1,53,1,0,0,0,1.2,0.6,Matchweek 8,2019-20,3,8,0,0.6
307,Arsenal,03-10-2019,,Standard Liage,Europa League,W,4,0,4,62,4,0,0,0,4.9,0.6,Group Stage,2019-20,NA,NA,0,4.3
308,Arsenal,30-09-2019,@,Manchester Utd,Premier League,D,1,1,0,45,1,0,0,0,1.9,0.9,Matchweek 7,2019-20,1,7,0,1
309,Arsenal,24-09-2019,,Nottingham Forest,EFL Cup,W,5,0,5,68,5,0,0,0,NA,NA,3rd Round,2019-20,NA,NA,0,NA
310,Arsenal,22-09-2019,,Aston Villa,Premier League,W,3,2,1,58,2,1,1,0,2.4,1.5,Matchweek 6,2019-20,3,6,0,0.9
311,Arsenal,19-09-2019,@,Eintracht Frankfurt,Europa League,W,3,0,3,44,3,0,0,0,3.2,1.8,Group Stage,2019-20,NA,NA,0,1.4
312,Arsenal,15-09-2019,@,Watford,Premier League,D,2,2,0,47,2,0,0,0,0.8,2.7,Matchweek 5,2019-20,1,5,0,-1.9
313,Arsenal,01-09-2019,,Tottenham Hotspur,Premier League,D,2,2,0,55,2,0,0,0,2.4,2,Matchweek 4,2019-20,1,4,1,0.4
314,Arsenal,24-08-2019,@,Liverpool,Premier League,L,1,3,-2,47,1,0,0,0,1,2.5,Matchweek 3,2019-20,NA,3,0,-1.5
315,Arsenal,17-08-2019,,Burnley,Premier League,W,2,1,1,68,2,0,0,0,0.8,1.5,Matchweek 2,2019-20,3,2,0,-0.7
316,Arsenal,11-08-2019,@,Newcastle United,Premier League,W,1,0,1,62,1,0,0,0,1.1,0.4,Matchweek 1,2019-20,3,1,0,0.7
317,Arsenal,29-05-2019,N,Chelsea,Europa League,L,1,4,-3,50,1,0,0,0,1.4,1.9,Final,2018-19,NA,NA,1,-0.5
318,Arsenal,12-05-2019,@,Burnley,Premier League,W,3,1,2,60,3,0,0,0,2.7,1.7,Matchweek 38,2018-19,3,38,1,1
319,Arsenal,09-05-2019,@,Valencia,Europa League,W,4,2,2,44,4,0,0,0,0.7,2.5,Semi-Finals,2018-19,NA,NA,1,-1.8
320,Arsenal,05-05-2019,,Brighton,Premier League,D,1,1,0,71,0,1,1,0,2.4,1.9,Matchweek 37,2018-19,1,37,1,0.5
321,Arsenal,02-05-2019,,Valencia,Europa League,W,3,1,2,58,3,0,0,0,2.3,2.6,Semi-Finals,2018-19,NA,NA,1,-0.3
322,Arsenal,28-04-2019,@,Leicester City,Premier League,L,0,3,-3,33,0,0,0,0,0.6,3.3,Matchweek 36,2018-19,NA,36,1,-2.7
323,Arsenal,24-04-2019,@,Wolves,Premier League,L,1,3,-2,71,1,0,0,0,0.8,1.2,Matchweek 31,2018-19,NA,31,0,-0.4
324,Arsenal,21-04-2019,,Crystal Palace,Premier League,L,2,3,-1,73,2,0,0,0,1.2,1.6,Matchweek 35,2018-19,NA,35,1,-0.4
325,Arsenal,18-04-2019,@,Napoli,Europa League,W,1,0,1,30,1,0,0,0,0.7,1.4,Quarter-Finals,2018-19,NA,NA,1,-0.7
326,Arsenal,15-04-2019,@,Watford,Premier League,W,1,0,1,66,1,0,0,0,2.3,1,Matchweek 34,2018-19,3,34,1,1.3
327,Arsenal,11-04-2019,,Napoli,Europa League,W,2,0,2,42,1,0,0,0,2,0.8,Quarter-Finals,2018-19,NA,NA,1,1.2
328,Arsenal,07-04-2019,@,Everton,Premier League,L,0,1,-1,57,0,0,0,0,0.3,2.4,Matchweek 33,2018-19,NA,33,1,-2.1
329,Arsenal,01-04-2019,,Newcastle United,Premier League,W,2,0,2,71,2,0,0,0,0.8,0.1,Matchweek 32,2018-19,3,32,0,0.7
330,Arsenal,14-03-2019,,Rennes,Europa League,W,3,0,3,55,3,0,0,0,3.2,0.5,Round of 16,2018-19,NA,NA,1,2.7
331,Arsenal,10-03-2019,,Manchester Utd,Premier League,W,2,0,2,46,1,1,1,0,1.7,2.3,Matchweek 30,2018-19,3,30,0,-0.6
332,Arsenal,07-03-2019,@,Rennes,Europa League,L,1,3,-2,49,1,0,0,0,0.7,1.6,Round of 16,2018-19,NA,NA,1,-0.9
333,Arsenal,02-03-2019,@,Tottenham Hotspur,Premier League,D,1,1,0,40,1,0,1,1,2.6,1.6,Matchweek 29,2018-19,1,29,1,1
334,Arsenal,27-02-2019,,Bournemouth,Premier League,W,5,1,4,65,5,0,0,0,2.5,0.9,Matchweek 28,2018-19,3,28,0,1.6
335,Arsenal,24-02-2019,,Southampton,Premier League,W,2,0,2,62,2,0,0,0,2.1,0.8,Matchweek 27,2018-19,3,27,0,1.3
336,Arsenal,21-02-2019,,BATE Borisov,Europa League,W,3,0,3,68,2,0,0,0,2.2,0.6,Round of 32,2018-19,NA,NA,0,1.6
337,Arsenal,14-02-2019,@,BATE Borisov,Europa League,L,0,1,-1,77,0,0,0,0,1.8,0.7,Round of 32,2018-19,NA,NA,0,1.1
338,Arsenal,09-02-2019,@,Huddersfield Town,Premier League,W,2,1,1,45,2,0,0,0,1.4,1.6,Matchweek 26,2018-19,3,26,0,-0.2
339,Arsenal,03-02-2019,@,Manchester City,Premier League,L,1,3,-2,41,1,0,0,0,0.7,2.7,Matchweek 25,2018-19,NA,25,1,-2
340,Arsenal,29-01-2019,,Cardiff City,Premier League,W,2,1,1,71,1,1,1,0,2.6,0.8,Matchweek 23,2018-19,3,23,0,1.8
341,Arsenal,25-01-2019,,Manchester Utd,FA Cup,L,1,3,-2,63,1,0,0,0,NA,NA,4th Round,2018-19,NA,NA,0,NA
342,Arsenal,19-01-2019,,Chelsea,Premier League,W,2,0,2,36,2,0,0,0,1.5,0.9,Matchweek 23,2018-19,3,23,1,0.6
343,Arsenal,12-01-2019,@,West Ham United,Premier League,L,0,1,-1,59,0,0,0,0,0.7,0.6,Matchweek 22,2018-19,NA,22,0,0.1
344,Arsenal,05-01-2019,@,Blackpool,FA Cup,W,3,0,3,58,3,0,0,0,NA,NA,3rd Round,2018-19,NA,NA,0,NA
345,Arsenal,01-01-2019,,Fulham,Premier League,W,4,1,3,60,4,0,0,0,4.5,1.4,Matchweek 21,2018-19,3,21,0,3.1
346,Arsenal,29-12-2018,@,Liverpool,Premier League,L,1,5,-4,52,1,0,0,0,1,3.8,Matchweek 20,2018-19,NA,20,0,-2.8
347,Arsenal,26-12-2018,@,Brighton,Premier League,D,1,1,0,68,1,0,0,0,0.8,1.1,Matchweek 19,2018-19,1,19,0,-0.3
348,Arsenal,22-12-2018,,Burnley,Premier League,W,3,1,2,60,3,0,0,0,1.6,1.2,Matchweek 18,2018-19,3,18,0,0.4
349,Arsenal,19-12-2018,,Tottenham Hotspur,EFL Cup,L,0,2,-2,54,0,0,0,0,NA,NA,Quarter-Finals,2018-19,NA,NA,1,NA
350,Arsenal,16-12-2018,@,Southampton,Premier League,L,2,3,-1,66,2,0,0,0,1.9,1.3,Matchweek 17,2018-19,NA,17,0,0.6
351,Arsenal,13-12-2018,,Qarabag,Europa League,W,1,0,1,67,1,0,0,0,1,0.1,Group Stage,2018-19,NA,NA,0,0.9
352,Arsenal,08-12-2018,,Huddersfield Town,Premier League,W,1,0,1,62,1,0,0,0,1.4,0.3,Matchweek 16,2018-19,3,16,0,1.1
353,Arsenal,05-12-2018,@,Manchester Utd,Premier League,D,2,2,0,55,1,0,0,0,1.1,1.1,Matchweek 15,2018-19,1,15,0,0
354,Arsenal,02-12-2018,,Tottenham Hotspur,Premier League,W,4,2,2,59,3,1,1,0,2.7,1.2,Matchweek 14,2018-19,3,14,1,1.5
355,Arsenal,29-11-2018,@,Vorskla Poltava,Europa League,W,3,0,3,57,2,1,1,0,2.2,0.8,Group Stage,2018-19,NA,NA,0,1.4
356,Arsenal,25-11-2018,@,Bournemouth,Premier League,W,2,1,1,59,1,0,0,0,1.6,0.6,Matchweek 13,2018-19,3,13,0,1
357,Arsenal,11-11-2018,,Wolves,Premier League,D,1,1,0,72,1,0,0,0,0.9,1.9,Matchweek 12,2018-19,1,12,0,-1
358,Arsenal,08-11-2018,,Sporting CP,Europa League,D,0,0,0,71,0,0,0,0,1.3,0.2,Group Stage,2018-19,NA,NA,0,1.1
359,Arsenal,03-11-2018,,Liverpool,Premier League,D,1,1,0,62,1,0,0,0,1.4,1.3,Matchweek 11,2018-19,1,11,0,0.1
360,Arsenal,31-10-2018,,Blackpool,EFL Cup,W,2,1,1,63,2,0,0,0,NA,NA,4th Round,2018-19,NA,NA,0,NA
361,Arsenal,28-10-2018,@,Crystal Palace,Premier League,D,2,2,0,58,2,0,0,0,0.9,2.3,Matchweek 10,2018-19,1,10,0,-1.4
362,Arsenal,25-10-2018,@,Sporting CP,Europa League,W,1,0,1,67,1,0,0,0,1.6,0.5,Group Stage,2018-19,NA,NA,0,1.1
363,Arsenal,22-10-2018,,Leicester City,Premier League,W,3,1,2,69,3,0,0,0,2.7,0.5,Matchweek 9,2018-19,3,9,0,2.2
364,Arsenal,07-10-2018,@,Fulham,Premier League,W,5,1,4,51,5,0,0,0,1.1,1.4,Matchweek 8,2018-19,3,8,0,-0.3
365,Arsenal,04-10-2018,@,Qarabag,Europa League,W,3,0,3,53,3,0,0,0,2.5,1,Group Stage,2018-19,NA,NA,0,1.5
366,Arsenal,29-09-2018,,Watford,Premier League,W,2,0,2,64,1,0,0,0,1.4,2.8,Matchweek 7,2018-19,3,7,0,-1.4
367,Arsenal,26-09-2018,,Brentford,EFL Cup,W,3,1,2,51,3,0,0,0,NA,NA,3rd Round,2018-19,NA,NA,0,NA
368,Arsenal,23-09-2018,,Everton,Premier League,W,2,0,2,63,2,0,0,0,0.8,0.8,Matchweek 6,2018-19,3,6,0,0
369,Arsenal,20-09-2018,,Vorskla Poltava,Europa League,W,4,2,2,68,4,0,0,0,2.7,0.5,Group Stage,2018-19,NA,NA,0,2.2
370,Arsenal,15-09-2018,@,Newcastle United,Premier League,W,2,1,1,64,2,0,0,0,1,0.4,Matchweek 5,2018-19,3,5,0,0.6
371,Arsenal,02-09-2018,@,Cardiff City,Premier League,W,3,2,1,72,3,0,0,0,1.7,1,Matchweek 4,2018-19,3,4,0,0.7
372,Arsenal,25-08-2018,,West Ham United,Premier League,W,3,1,2,62,2,0,0,0,1.8,1.1,Matchweek 3,2018-19,3,3,0,0.7
373,Arsenal,18-08-2018,@,Chelsea,Premier League,L,2,3,-1,38,2,0,0,0,2.4,1.6,Matchweek 2,2018-19,NA,2,1,0.8
374,Arsenal,12-08-2018,,Manchester City,Premier League,L,0,2,-2,42,0,0,0,0,0.5,1.7,Matchweek 1,2018-19,NA,1,1,-1.2
375,Arsenal,13-05-2018,@,Huddersfield Town,Premier League,W,1,0,1,56,1,0,0,0,2,1.7,Matchweek 38,2017-18,3,38,1,0.3
376,Arsenal,09-05-2018,@,Leicester City,Premier League,L,1,3,-2,60,1,0,0,0,1.4,2.2,Matchweek 31,2017-18,NA,31,0,-0.8
377,Arsenal,06-05-2018,,Burnley,Premier League,W,5,0,5,64,5,0,0,0,2.6,0.3,Matchweek 37,2017-18,3,37,1,2.3
378,Arsenal,03-05-2018,@,Atletico Madrid,Europa League,L,0,1,-1,55,0,0,0,0,0.3,1.9,Semi-Finals,2017-18,NA,NA,1,-1.6
379,Arsenal,29-04-2018,@,Manchester Utd,Premier League,L,1,2,-1,41,1,0,0,0,0.5,1.7,Matchweek 36,2017-18,NA,36,1,-1.2
380,Arsenal,26-04-2018,,Atletico Madrid,Europa League,D,1,1,0,76,1,0,0,0,2.6,1,Semi-Finals,2017-18,NA,NA,1,1.6
381,Arsenal,22-04-2018,,West Ham United,Premier League,W,4,1,3,68,4,0,0,0,1.8,0.8,Matchweek 35,2017-18,3,35,1,1
382,Arsenal,15-04-2018,@,Newcastle United,Premier League,L,1,2,-1,72,1,0,0,0,1.2,0.8,Matchweek 34,2017-18,NA,34,1,0.4
383,Arsenal,12-04-2018,@,CSKA Moscow,Europa League,D,2,2,0,47,2,0,0,0,2.1,1.6,Quarter-Finals,2017-18,NA,NA,1,0.5
384,Arsenal,08-04-2018,,Southampton,Premier League,W,3,2,1,65,3,0,0,0,1.6,2,Matchweek 33,2017-18,3,33,1,-0.4
385,Arsenal,05-04-2018,,CSKA Moscow,Europa League,W,4,1,3,57,3,1,1,0,3.9,1,Quarter-Finals,2017-18,NA,NA,1,2.9
386,Arsenal,01-04-2018,,Stoke City,Premier League,W,3,0,3,70,1,2,2,0,3.3,0.4,Matchweek 32,2017-18,3,32,0,2.9
387,Arsenal,15-03-2018,,Milan,Europa League,W,3,1,2,58,2,1,1,0,2.6,1.1,Round of 16,2017-18,NA,NA,1,1.5
388,Arsenal,11-03-2018,,Watford,Premier League,W,3,0,3,60,3,0,0,0,2.2,1.4,Matchweek 30,2017-18,3,30,0,0.8
389,Arsenal,08-03-2018,@,Milan,Europa League,W,2,0,2,49,2,0,0,0,1.4,1.3,Round of 16,2017-18,NA,NA,1,0.1
390,Arsenal,04-03-2018,@,Brighton,Premier League,L,1,2,-1,68,1,0,0,0,1.2,1.2,Matchweek 29,2017-18,NA,29,0,0
391,Arsenal,01-03-2018,,Manchester City,Premier League,L,0,3,-3,46,0,0,1,1,1.3,1.5,Matchweek 28,2017-18,NA,28,1,-0.2
392,Arsenal,25-02-2018,,Manchester City,EFL Cup,L,0,3,-3,44,0,0,0,0,NA,NA,Final,2017-18,NA,NA,1,NA
393,Arsenal,22-02-2018,,Ostersunds,Europa League,L,1,2,-1,56,1,0,0,0,1.4,0.7,Round of 32,2017-18,NA,NA,0,0.7
394,Arsenal,15-02-2018,@,Ostersunds,Europa League,W,3,0,3,61,2,0,0,0,1.5,1.2,Round of 32,2017-18,NA,NA,0,0.3
395,Arsenal,10-02-2018,@,Tottenham Hotspur,Premier League,L,0,1,-1,50,0,0,0,0,0.6,2.6,Matchweek 27,2017-18,NA,27,1,-2
396,Arsenal,03-02-2018,,Everton,Premier League,W,5,1,4,58,5,0,0,0,2.6,1.2,Matchweek 26,2017-18,3,26,0,1.4
397,Arsenal,30-01-2018,@,Swansea City,Premier League,L,1,3,-2,74,1,0,0,0,1.3,2.1,Matchweek 25,2017-18,NA,25,0,-0.8
398,Arsenal,24-01-2018,,Chelsea,EFL Cup,W,2,1,1,52,1,0,0,0,NA,NA,Semi-Finals,2017-18,NA,NA,1,NA
399,Arsenal,20-01-2018,,Crystal Palace,Premier League,W,4,1,3,64,4,0,0,0,2.9,0.6,Matchweek 24,2017-18,3,24,0,2.3
400,Arsenal,14-01-2018,@,Bournemouth,Premier League,L,1,2,-1,59,1,0,0,0,1.1,0.8,Matchweek 23,2017-18,NA,23,0,0.3
401,Arsenal,10-01-2018,@,Chelsea,EFL Cup,D,0,0,0,46,0,0,0,0,NA,NA,Semi-Finals,2017-18,NA,NA,1,NA
402,Arsenal,07-01-2018,@,Nottingham Forest,FA Cup,L,2,4,-2,69,2,0,0,0,NA,NA,3rd Round,2017-18,NA,NA,0,NA
403,Arsenal,03-01-2018,,Chelsea,Premier League,D,2,2,0,58,2,0,0,0,1.2,3,Matchweek 22,2017-18,1,22,1,-1.8
404,Arsenal,31-12-2017,@,West Brom,Premier League,D,1,1,0,65,0,0,0,0,0.9,1.5,Matchweek 21,2017-18,1,21,0,-0.6
405,Arsenal,28-12-2017,@,Crystal Palace,Premier League,W,3,2,1,65,3,0,0,0,1.8,1.3,Matchweek 20,2017-18,3,20,0,0.5
406,Arsenal,22-12-2017,,Liverpool,Premier League,D,3,3,0,54,3,0,0,0,1.2,2,Matchweek 19,2017-18,1,19,0,-0.8
407,Arsenal,19-12-2017,,West Ham United,EFL Cup,W,1,0,1,67,1,0,0,0,NA,NA,Quarter-Finals,2017-18,NA,NA,1,NA
408,Arsenal,16-12-2017,,Newcastle United,Premier League,W,1,0,1,71,1,0,0,0,1.8,0.3,Matchweek 18,2017-18,3,18,0,1.5
409,Arsenal,13-12-2017,@,West Ham United,Premier League,D,0,0,0,70,0,0,0,0,1,0.4,Matchweek 17,2017-18,1,17,0,0.6
410,Arsenal,10-12-2017,@,Southampton,Premier League,D,1,1,0,67,1,0,0,0,0.7,1.3,Matchweek 16,2017-18,1,16,0,-0.6
411,Arsenal,07-12-2017,,BATE Borisov,Europa League,W,6,0,6,71,4,1,1,0,3.1,0.5,Group Stage,2017-18,NA,NA,0,2.6
412,Arsenal,02-12-2017,,Manchester Utd,Premier League,L,1,3,-2,75,1,0,0,0,4.7,1.8,Matchweek 15,2017-18,NA,15,0,2.9
413,Arsenal,29-11-2017,,Huddersfield Town,Premier League,W,5,0,5,71,5,0,0,0,4,0.5,Matchweek 14,2017-18,3,14,0,3.5
414,Arsenal,26-11-2017,@,Burnley,Premier League,W,1,0,1,64,0,1,1,0,1.8,0.4,Matchweek 13,2017-18,3,13,0,1.4
415,Arsenal,23-11-2017,@,Koln,Europa League,L,0,1,-1,69,0,0,0,0,1.3,0.9,Group Stage,2017-18,NA,NA,0,0.4
416,Arsenal,18-11-2017,,Tottenham Hotspur,Premier League,W,2,0,2,42,2,0,0,0,2.1,0.7,Matchweek 12,2017-18,3,12,1,1.4
417,Arsenal,05-11-2017,@,Manchester City,Premier League,L,1,3,-2,42,1,0,0,0,0.3,1.8,Matchweek 11,2017-18,NA,11,1,-1.5
418,Arsenal,02-11-2017,,Red Star,Europa League,D,0,0,0,64,0,0,0,0,0.8,1.1,Group Stage,2017-18,NA,NA,0,-0.3
419,Arsenal,28-10-2017,,Swansea City,Premier League,W,2,1,1,73,2,0,0,0,2,0.9,Matchweek 10,2017-18,3,10,0,1.1
420,Arsenal,24-10-2017,,Norwich City,EFL Cup,W,2,1,1,57,2,0,0,0,NA,NA,4th Round,2017-18,NA,NA,0,NA
421,Arsenal,22-10-2017,@,Everton,Premier League,W,5,2,3,68,5,0,0,0,3.5,1,Matchweek 9,2017-18,3,9,0,2.5
422,Arsenal,19-10-2017,@,Red Star,Europa League,W,1,0,1,61,1,0,0,0,1.5,0.7,Group Stage,2017-18,NA,NA,0,0.8
423,Arsenal,14-10-2017,@,Watford,Premier League,L,1,2,-1,54,1,0,0,0,1,1.6,Matchweek 8,2017-18,NA,8,0,-0.6
424,Arsenal,01-10-2017,,Brighton,Premier League,W,2,0,2,65,2,0,0,0,2.4,0.4,Matchweek 7,2017-18,3,7,0,2
425,Arsenal,28-09-2017,@,BATE Borisov,Europa League,W,4,2,2,62,3,1,1,0,3.8,1.8,Group Stage,2017-18,NA,NA,0,2
426,Arsenal,25-09-2017,,West Brom,Premier League,W,2,0,2,69,1,1,1,0,2.2,0.9,Matchweek 3,2017-18,3,3,0,1.3
427,Arsenal,20-09-2017,,Doncaster Rovers,EFL Cup,W,1,0,1,57,1,0,0,0,NA,NA,3rd Round,2017-18,NA,NA,0,NA
428,Arsenal,17-09-2017,@,Chelsea,Premier League,D,0,0,0,49,0,0,0,0,1.4,0.8,Matchweek 5,2017-18,1,5,1,0.6
429,Arsenal,14-09-2017,,Koln,Europa League,W,3,1,2,72,3,0,0,0,1.4,0.4,Group Stage,2017-18,NA,NA,0,1
430,Arsenal,09-09-2017,,Bournemouth,Premier League,W,3,0,3,58,3,0,0,0,2.2,0.6,Matchweek 4,2017-18,3,4,0,1.6
431,Arsenal,27-08-2017,@,Liverpool,Premier League,L,0,4,-4,51,0,0,0,0,0.6,3.1,Matchweek 3,2017-18,NA,3,0,-2.5
432,Arsenal,19-08-2017,@,Stoke City,Premier League,L,0,1,-1,77,0,0,0,0,1.5,0.7,Matchweek 2,2017-18,NA,2,0,0.8
433,Arsenal,11-08-2017,,Leicester City,Premier League,W,4,3,1,70,4,0,0,0,2.5,1.5,Matchweek 1,2017-18,3,1,0,1
