"","rk","team","date","venue","opp","comp","result","gf","ga","gd","poss","g.pk","pk","pkatt","pkm","xg","xga","round","season","points","xg_diff","home","matchweek_num","high_stake"
"1",1,"Tottenham",2025-05-25,"H","Brighton","Premier League","L",1,4,-3,32,0,1,1,0,2,2.2,"Matchweek 38","2024-25",0,-0.2,0,38,1
"2",2,"Tottenham",2025-05-21,"N","Manchester Utd","Europa League","W",1,0,1,27,1,0,0,0,1,1,"Final","2024-25",3,0,0,NA,1
"3",3,"Tottenham",2025-05-16,"A","Aston Villa","Premier League","L",0,2,-2,31,0,0,0,0,0.5,1.4,"Matchweek 37","2024-25",0,-0.9,0,37,1
"4",4,"Tottenham",2025-05-11,"H","Crystal Palace","Premier League","L",0,2,-2,47,0,0,0,0,0.7,3.3,"Matchweek 36","2024-25",0,-2.6,0,36,1
"5",5,"Tottenham",2025-05-08,"A","Bodø/Glimt","Europa League","W",2,0,2,31,2,0,0,0,0.7,0.5,"Semi-Finals","2024-25",3,0.2,0,NA,1
"6",6,"Tottenham",2025-05-04,"A","West Ham United","Premier League","D",1,1,0,44,1,0,0,0,0.8,0.8,"Matchweek 35","2024-25",1,0,0,35,1
"7",7,"Tottenham",2025-05-01,"H","Bodø/Glimt","Europa League","W",3,1,2,42,2,1,1,0,3,0.3,"Semi-Finals","2024-25",3,2.7,0,NA,1
"8",8,"Tottenham",2025-04-27,"A","Liverpool","Premier League","L",1,5,-4,37,1,0,0,0,0.5,2.2,"Matchweek 34","2024-25",0,-1.7,0,34,1
"9",9,"Tottenham",2025-04-21,"H","Nottingham Forest","Premier League","L",1,2,-1,70,1,0,0,0,2.1,0.5,"Matchweek 33","2024-25",0,1.6,0,33,1
"10",10,"Tottenham",2025-04-17,"A","Eintracht Frankfurt","Europa League","W",1,0,1,39,0,1,1,0,1.5,0.9,"Quarter-Finals","2024-25",3,0.6,0,NA,1
"11",11,"Tottenham",2025-04-13,"A","Wolves","Premier League","L",2,4,-2,62,2,0,0,0,2,2.4,"Matchweek 32","2024-25",0,-0.4,0,32,0
"12",12,"Tottenham",2025-04-10,"H","Eintracht Frankfurt","Europa League","D",1,1,0,56,1,0,0,0,0.9,0.3,"Quarter-Finals","2024-25",1,0.6,0,NA,1
"13",13,"Tottenham",2025-04-06,"H","Southampton","Premier League","W",3,1,2,51,2,1,1,0,2.1,1,"Matchweek 31","2024-25",3,1.1,0,31,0
"14",14,"Tottenham",2025-04-03,"A","Chelsea","Premier League","L",0,1,-1,50,0,0,0,0,0.9,1,"Matchweek 30","2024-25",0,-0.1,0,30,1
"15",15,"Tottenham",2025-03-16,"A","Fulham","Premier League","L",0,2,-2,43,0,0,0,0,0.9,1,"Matchweek 29","2024-25",0,-0.1,0,29,0
"16",16,"Tottenham",2025-03-13,"H","AZ Alkmaar","Europa League","W",3,1,2,60,3,0,0,0,2.1,1.2,"Round of 16","2024-25",3,0.9,0,16,1
"17",17,"Tottenham",2025-03-09,"H","Bournemouth","Premier League","D",2,2,0,61,1,1,1,0,1.5,2.2,"Matchweek 28","2024-25",1,-0.7,0,28,0
"18",18,"Tottenham",2025-03-06,"A","AZ Alkmaar","Europa League","L",0,1,-1,62,0,0,0,0,0.5,1.6,"Round of 16","2024-25",0,-1.1,0,16,1
"19",19,"Tottenham",2025-02-26,"H","Manchester City","Premier League","L",0,1,-1,55,0,0,0,0,1.3,2.1,"Matchweek 27","2024-25",0,-0.8,0,27,1
"20",20,"Tottenham",2025-02-22,"A","Ipswich Town","Premier League","W",4,1,3,59,4,0,0,0,1.7,1.1,"Matchweek 26","2024-25",3,0.6,0,26,0
"21",21,"Tottenham",2025-02-16,"H","Manchester Utd","Premier League","W",1,0,1,57,1,0,0,0,2.2,1.5,"Matchweek 25","2024-25",3,0.7,0,25,1
"22",22,"Tottenham",2025-02-09,"A","Aston Villa","FA Cup","L",1,2,-1,49,1,0,0,0,1.2,2.1,"4th Round","2024-25",0,-0.9,0,4,0
"23",23,"Tottenham",2025-02-06,"A","Liverpool","EFL Cup","L",0,4,-4,36,0,0,0,0,0.2,3.8,"Semi-Finals","2024-25",0,-3.6,0,NA,1
"24",24,"Tottenham",2025-02-02,"A","Brentford","Premier League","W",2,0,2,46,1,0,0,0,0.8,2.1,"Matchweek 24","2024-25",3,-1.3,0,24,0
"25",25,"Tottenham",2025-01-30,"H","Elfsborg","Europa League","W",3,0,3,82,3,0,0,0,1.5,0.4,"Group Stage","2024-25",3,1.1,0,NA,0
"26",26,"Tottenham",2025-01-26,"H","Leicester City","Premier League","L",1,2,-1,61,1,0,0,0,1,1.6,"Matchweek 23","2024-25",0,-0.6,0,23,0
"27",27,"Tottenham",2025-01-23,"A","Hoffenheim","Europa League","W",3,2,1,45,3,0,0,0,1.8,2.5,"Group Stage","2024-25",3,-0.7,0,NA,0
"28",28,"Tottenham",2025-01-19,"A","Everton","Premier League","L",2,3,-1,64,2,0,0,0,1.1,1.8,"Matchweek 22","2024-25",0,-0.7,0,22,0
"29",29,"Tottenham",2025-01-15,"A","Arsenal","Premier League","L",1,2,-1,47,1,0,0,0,0.8,1.4,"Matchweek 21","2024-25",0,-0.6,0,21,1
"30",30,"Tottenham",2025-01-12,"A","Tamworth","FA Cup","W",3,0,3,NA,2,0,0,0,1.7,0.6,"4th Round","2024-25",3,1.1,0,4,0
"31",31,"Tottenham",2025-01-08,"H","Liverpool","EFL Cup","W",1,0,1,40,1,0,0,0,0.9,1.1,"Semi-Finals","2024-25",3,-0.2,0,NA,1
"32",32,"Tottenham",2025-01-04,"H","Newcastle United","Premier League","L",1,2,-1,57,1,0,0,0,0.9,2.5,"Matchweek 20","2024-25",0,-1.6,0,20,0
"33",33,"Tottenham",2024-12-29,"H","Wolves","Premier League","D",2,2,0,48,2,0,1,1,2.2,0.7,"Matchweek 19","2024-25",1,1.5,0,19,0
"34",34,"Tottenham",2024-12-26,"A","Nottingham Forest","Premier League","L",0,1,-1,70,0,0,0,0,0.9,1.1,"Matchweek 18","2024-25",0,-0.2,0,18,0
"35",35,"Tottenham",2024-12-22,"H","Liverpool","Premier League","L",3,6,-3,52,3,0,0,0,1.3,5.6,"Matchweek 17","2024-25",0,-4.3,0,17,1
"36",36,"Tottenham",2024-12-19,"H","Manchester Utd","EFL Cup","W",4,3,1,46,4,0,0,0,0.7,2.6,"Quarter-Finals","2024-25",3,-1.9,0,NA,1
"37",37,"Tottenham",2024-12-15,"A","Southampton","Premier League","W",5,0,5,58,5,0,0,0,2.3,0.8,"Matchweek 16","2024-25",3,1.5,0,16,0
"38",38,"Tottenham",2024-12-12,"A","Rangers","Europa League","D",1,1,0,59,1,0,0,0,1,1.3,"Group Stage","2024-25",1,-0.3,0,NA,0
"39",39,"Tottenham",2024-12-08,"H","Chelsea","Premier League","L",3,4,-1,38,3,0,0,0,2.8,2.8,"Matchweek 15","2024-25",0,0,0,15,1
"40",40,"Tottenham",2024-12-05,"A","Bournemouth","Premier League","L",0,1,-1,66,0,0,0,0,0.9,3.5,"Matchweek 14","2024-25",0,-2.6,0,14,0
"41",41,"Tottenham",2024-12-01,"H","Fulham","Premier League","D",1,1,0,51,1,0,0,0,0.8,1.5,"Matchweek 13","2024-25",1,-0.7,0,13,0
"42",42,"Tottenham",2024-11-28,"H","Roma","Europa League","D",2,2,0,50,1,1,1,0,3.2,2.1,"Group Stage","2024-25",1,1.1,0,NA,0
"43",43,"Tottenham",2024-11-23,"A","Manchester City","Premier League","W",4,0,4,42,4,0,0,0,2.5,2.1,"Matchweek 12","2024-25",3,0.4,0,12,1
"44",44,"Tottenham",2024-11-10,"H","Ipswich Town","Premier League","L",1,2,-1,66,1,0,0,0,1.5,1.6,"Matchweek 11","2024-25",0,-0.1,0,11,0
"45",45,"Tottenham",2024-11-07,"A","Galatasaray","Europa League","L",2,3,-1,46,2,0,0,0,1.9,2.9,"Group Stage","2024-25",0,-1,0,NA,0
"46",46,"Tottenham",2024-11-03,"H","Aston Villa","Premier League","W",4,1,3,52,4,0,0,0,2.4,1.8,"Matchweek 10","2024-25",3,0.6,0,10,0
"47",47,"Tottenham",2024-10-30,"H","Manchester City","EFL Cup","W",2,1,1,32,2,0,0,0,0.9,1.6,"4th Round","2024-25",3,-0.7,0,4,0
"48",48,"Tottenham",2024-10-27,"A","Crystal Palace","Premier League","L",0,1,-1,66,0,0,0,0,0.7,0.8,"Matchweek 9","2024-25",0,-0.1,0,9,0
"49",49,"Tottenham",2024-10-24,"H","AZ Alkmaar","Europa League","W",1,0,1,59,0,1,1,0,1.9,0.4,"Group Stage","2024-25",3,1.5,0,NA,0
"50",50,"Tottenham",2024-10-19,"H","West Ham United","Premier League","W",4,1,3,58,3,0,0,0,1.9,0.8,"Matchweek 8","2024-25",3,1.1,0,8,0
"51",51,"Tottenham",2024-10-06,"A","Brighton","Premier League","L",2,3,-1,59,2,0,0,0,1.3,1.8,"Matchweek 7","2024-25",0,-0.5,0,7,0
"52",52,"Tottenham",2024-10-03,"A","Ferencváros","Europa League","W",2,1,1,58,2,0,0,0,1.3,1.3,"Group Stage","2024-25",3,0,0,NA,0
"53",53,"Tottenham",2024-09-29,"A","Manchester Utd","Premier League","W",3,0,3,61,3,0,0,0,4.4,1,"Matchweek 6","2024-25",3,3.4,0,6,1
"54",54,"Tottenham",2024-09-26,"H","Qarabağ","Europa League","W",3,0,3,49,3,0,0,0,1.4,2.2,"Group Stage","2024-25",3,-0.8,0,NA,0
"55",55,"Tottenham",2024-09-21,"H","Brentford","Premier League","W",3,1,2,48,3,0,0,0,3.5,0.8,"Matchweek 5","2024-25",3,2.7,0,5,0
"56",56,"Tottenham",2024-09-18,"A","Coventry City","EFL Cup","W",2,1,1,70,2,0,0,0,1.3,2.2,"3rd Round","2024-25",3,-0.9,0,3,0
"57",57,"Tottenham",2024-09-15,"H","Arsenal","Premier League","L",0,1,-1,64,0,0,0,0,0.7,0.7,"Matchweek 4","2024-25",0,0,0,4,1
"58",58,"Tottenham",2024-09-01,"A","Newcastle United","Premier League","L",1,2,-1,66,0,0,0,0,1.2,1.8,"Matchweek 3","2024-25",0,-0.6,0,3,0
"59",59,"Tottenham",2024-08-24,"H","Everton","Premier League","W",4,0,4,71,4,0,0,0,2.4,1,"Matchweek 2","2024-25",3,1.4,0,2,0
"60",60,"Tottenham",2024-08-19,"A","Leicester City","Premier League","D",1,1,0,71,1,0,0,0,1.2,1,"Matchweek 1","2024-25",1,0.2,0,1,0
"61",61,"Tottenham",2024-05-19,"A","Sheffield United","Premier League","W",3,0,3,76,3,0,0,0,1.7,2.4,"Matchweek 38","2023-24",3,-0.7,0,38,1
"62",62,"Tottenham",2024-05-14,"H","Manchester City","Premier League","L",0,2,-2,53,0,0,0,0,3.1,1,"Matchweek 34","2023-24",0,2.1,0,34,1
"63",63,"Tottenham",2024-05-11,"H","Burnley","Premier League","W",2,1,1,63,2,0,0,0,2.7,0.7,"Matchweek 37","2023-24",3,2,0,37,1
"64",64,"Tottenham",2024-05-05,"A","Liverpool","Premier League","L",2,4,-2,56,2,0,0,0,1,1.5,"Matchweek 36","2023-24",0,-0.5,0,36,1
"65",65,"Tottenham",2024-05-02,"A","Chelsea","Premier League","L",0,2,-2,62,0,0,0,0,2.9,0.5,"Matchweek 26","2023-24",0,2.4,0,26,1
"66",66,"Tottenham",2024-04-28,"H","Arsenal","Premier League","L",2,3,-1,62,1,1,1,0,1.6,2.2,"Matchweek 35","2023-24",0,-0.6,0,35,1
"67",67,"Tottenham",2024-04-13,"A","Newcastle United","Premier League","L",0,4,-4,73,0,0,0,0,2.3,1,"Matchweek 33","2023-24",0,1.3,0,33,1
"68",68,"Tottenham",2024-04-07,"H","Nottingham Forest","Premier League","W",3,1,2,64,2,0,0,0,0.8,2.8,"Matchweek 32","2023-24",3,-2,0,32,0
"69",69,"Tottenham",2024-04-02,"A","West Ham United","Premier League","D",1,1,0,68,1,0,0,0,1.5,1.5,"Matchweek 31","2023-24",1,0,0,31,0
"70",70,"Tottenham",2024-03-30,"H","Luton Town","Premier League","W",2,1,1,70,1,0,0,0,1,1.5,"Matchweek 30","2023-24",3,-0.5,0,30,0
"71",71,"Tottenham",2024-03-16,"A","Fulham","Premier League","L",0,3,-3,57,0,0,0,0,2.4,2.6,"Matchweek 29","2023-24",0,-0.2,0,29,0
"72",72,"Tottenham",2024-03-10,"A","Aston Villa","Premier League","W",4,0,4,70,4,0,0,0,1.5,0.8,"Matchweek 28","2023-24",3,0.7,0,28,0
"73",73,"Tottenham",2024-03-02,"H","Crystal Palace","Premier League","W",3,1,2,78,3,0,0,0,1.9,0.3,"Matchweek 27","2023-24",3,1.6,0,27,0
"74",74,"Tottenham",2024-02-17,"H","Wolves","Premier League","L",1,2,-1,71,1,0,0,0,1.6,1.8,"Matchweek 25","2023-24",0,-0.2,0,25,0
"75",75,"Tottenham",2024-02-10,"H","Brighton","Premier League","W",2,1,1,53,2,0,0,0,1.6,1.2,"Matchweek 24","2023-24",3,0.4,0,24,0
"76",76,"Tottenham",2024-02-03,"A","Everton","Premier League","D",2,2,0,57,2,0,0,0,1,2.6,"Matchweek 23","2023-24",1,-1.6,0,23,0
"77",77,"Tottenham",2024-01-31,"H","Brentford","Premier League","W",3,2,1,68,3,0,0,0,2.9,1.6,"Matchweek 22","2023-24",3,1.3,0,22,0
"78",78,"Tottenham",2024-01-26,"H","Manchester City","FA Cup","L",0,1,-1,43,0,0,0,0,0.3,2.2,"4th Round","2023-24",0,-1.9,0,4,0
"79",79,"Tottenham",2024-01-14,"A","Manchester Utd","Premier League","D",2,2,0,64,2,0,0,0,1.2,0.8,"Matchweek 21","2023-24",1,0.4,0,21,1
"80",80,"Tottenham",2024-01-05,"H","Burnley","FA Cup","W",1,0,1,63,1,0,0,0,1.3,1.1,"3rd Round","2023-24",3,0.2,0,3,0
"81",81,"Tottenham",2023-12-31,"H","Bournemouth","Premier League","W",3,1,2,51,3,0,0,0,2.3,1.7,"Matchweek 20","2023-24",3,0.6,0,20,0
"82",82,"Tottenham",2023-12-28,"A","Brighton","Premier League","L",2,4,-2,54,2,0,0,0,2.3,3.2,"Matchweek 19","2023-24",0,-0.9,0,19,0
"83",83,"Tottenham",2023-12-23,"H","Everton","Premier League","W",2,1,1,61,2,0,0,0,1.5,1.8,"Matchweek 18","2023-24",3,-0.3,0,18,0
"84",84,"Tottenham",2023-12-15,"A","Nottingham Forest","Premier League","W",2,0,2,67,2,0,0,0,1.5,1.3,"Matchweek 17","2023-24",3,0.2,0,17,0
"85",85,"Tottenham",2023-12-10,"H","Newcastle United","Premier League","W",4,1,3,57,3,1,1,0,3.8,1.7,"Matchweek 16","2023-24",3,2.1,0,16,0
"86",86,"Tottenham",2023-12-07,"H","West Ham United","Premier League","L",1,2,-1,75,1,0,0,0,1.8,2.2,"Matchweek 15","2023-24",0,-0.4,0,15,0
"87",87,"Tottenham",2023-12-03,"A","Manchester City","Premier League","D",3,3,0,45,3,0,0,0,0.5,2.6,"Matchweek 14","2023-24",1,-2.1,0,14,1
"88",88,"Tottenham",2023-11-26,"H","Aston Villa","Premier League","L",1,2,-1,62,1,0,0,0,2.3,1.7,"Matchweek 13","2023-24",0,0.6,0,13,0
"89",89,"Tottenham",2023-11-11,"A","Wolves","Premier League","L",1,2,-1,59,1,0,0,0,0.7,2.1,"Matchweek 12","2023-24",0,-1.4,0,12,0
"90",90,"Tottenham",2023-11-06,"H","Chelsea","Premier League","L",1,4,-3,39,1,0,0,0,0.9,4.1,"Matchweek 11","2023-24",0,-3.2,0,11,1
"91",91,"Tottenham",2023-10-27,"A","Crystal Palace","Premier League","W",2,1,1,76,1,0,0,0,1.1,0.6,"Matchweek 10","2023-24",3,0.5,0,10,0
"92",92,"Tottenham",2023-10-23,"H","Fulham","Premier League","W",2,0,2,56,2,0,0,0,1.5,1,"Matchweek 9","2023-24",3,0.5,0,9,0
"93",93,"Tottenham",2023-10-07,"A","Luton Town","Premier League","W",1,0,1,67,1,0,0,0,1.9,0.8,"Matchweek 8","2023-24",3,1.1,0,8,0
"94",94,"Tottenham",2023-09-30,"H","Liverpool","Premier League","W",2,1,1,65,1,0,0,0,2.2,1.3,"Matchweek 7","2023-24",3,0.9,0,7,1
"95",95,"Tottenham",2023-09-24,"A","Arsenal","Premier League","D",2,2,0,53,2,0,0,0,1.4,1.8,"Matchweek 6","2023-24",1,-0.4,0,6,1
"96",96,"Tottenham",2023-09-16,"H","Sheffield United","Premier League","W",2,1,1,70,2,0,0,0,2.1,0.7,"Matchweek 5","2023-24",3,1.4,0,5,0
"97",97,"Tottenham",2023-09-02,"A","Burnley","Premier League","W",5,2,3,54,5,0,0,0,2.2,1.3,"Matchweek 4","2023-24",3,0.9,0,4,0
"98",98,"Tottenham",2023-08-29,"A","Fulham","EFL Cup","D",1,1,0,60,1,0,0,0,0.9,2.3,"Second Round","2023-24",1,-1.4,0,NA,0
"99",99,"Tottenham",2023-08-26,"A","Bournemouth","Premier League","W",2,0,2,57,2,0,0,0,2.1,0.7,"Matchweek 3","2023-24",3,1.4,0,3,0
"100",100,"Tottenham",2023-08-19,"H","Manchester Utd","Premier League","W",2,0,2,56,1,0,0,0,1.7,2.1,"Matchweek 2","2023-24",3,-0.4,0,2,1
"101",101,"Tottenham",2023-08-13,"A","Brentford","Premier League","D",2,2,0,69,2,0,0,0,1.3,2.2,"Matchweek 1","2023-24",1,-0.9,0,1,0
"102",102,"Tottenham",2023-05-28,"A","Leeds United","Premier League","W",4,1,3,48,4,0,0,0,2.2,1.5,"Matchweek 38","2022-23",3,0.7,0,38,1
"103",103,"Tottenham",2023-05-20,"H","Brentford","Premier League","L",1,3,-2,62,1,0,0,0,1.7,1.2,"Matchweek 37","2022-23",0,0.5,0,37,1
"104",104,"Tottenham",2023-05-13,"A","Aston Villa","Premier League","L",1,2,-1,51,0,1,1,0,1.4,1.2,"Matchweek 36","2022-23",0,0.2,0,36,1
"105",105,"Tottenham",2023-05-06,"H","Crystal Palace","Premier League","W",1,0,1,57,1,0,0,0,0.9,0.4,"Matchweek 35","2022-23",3,0.5,0,35,1
"106",106,"Tottenham",2023-04-30,"A","Liverpool","Premier League","L",3,4,-1,32,3,0,0,0,2,2.2,"Matchweek 34","2022-23",0,-0.2,0,34,1
"107",107,"Tottenham",2023-04-27,"H","Manchester Utd","Premier League","D",2,2,0,40,2,0,0,0,2.5,2,"Matchweek 33","2022-23",1,0.5,0,33,1
"108",108,"Tottenham",2023-04-23,"A","Newcastle United","Premier League","L",1,6,-5,43,1,0,0,0,1,3.7,"Matchweek 32","2022-23",0,-2.7,0,32,0
"109",109,"Tottenham",2023-04-15,"H","Bournemouth","Premier League","L",2,3,-1,57,2,0,0,0,2.2,1.3,"Matchweek 31","2022-23",0,0.9,0,31,0
"110",110,"Tottenham",2023-04-08,"H","Brighton","Premier League","W",2,1,1,35,2,0,0,0,0.8,1.4,"Matchweek 30","2022-23",3,-0.6,0,30,0
"111",111,"Tottenham",2023-04-03,"A","Everton","Premier League","D",1,1,0,61,0,1,1,0,1.4,0.9,"Matchweek 29","2022-23",1,0.5,0,29,0
"112",112,"Tottenham",2023-03-18,"A","Southampton","Premier League","D",3,3,0,50,3,0,0,0,2.3,2.4,"Matchweek 28","2022-23",1,-0.1,0,28,0
"113",113,"Tottenham",2023-03-11,"H","Nottingham Forest","Premier League","W",3,1,2,56,2,1,1,0,2,1.5,"Matchweek 27","2022-23",3,0.5,0,27,0
"114",114,"Tottenham",2023-03-08,"H","Milan","Champions League","D",0,0,0,54,0,0,0,0,0.5,1.4,"Round of 16","2022-23",1,-0.9,0,16,1
"115",115,"Tottenham",2023-03-04,"A","Wolves","Premier League","L",0,1,-1,54,0,0,0,0,1.2,0.5,"Matchweek 26","2022-23",0,0.7,0,26,0
"116",116,"Tottenham",2023-03-01,"A","Sheffield United","FA Cup","L",0,1,-1,53,0,0,0,0,0.8,0.5,"5th Round","2022-23",0,0.3,0,5,0
"117",117,"Tottenham",2023-02-26,"H","Chelsea","Premier League","W",2,0,2,41,2,0,0,0,0.8,0.4,"Matchweek 25","2022-23",3,0.4,0,25,1
"118",118,"Tottenham",2023-02-19,"H","West Ham United","Premier League","W",2,0,2,57,2,0,0,0,1.5,0.5,"Matchweek 24","2022-23",3,1,0,24,0
"119",119,"Tottenham",2023-02-14,"A","Milan","Champions League","L",0,1,-1,53,0,0,0,0,0.4,1.7,"Round of 16","2022-23",0,-1.3,0,16,1
"120",120,"Tottenham",2023-02-11,"A","Leicester City","Premier League","L",1,4,-3,50,1,0,0,0,1.3,1.7,"Matchweek 23","2022-23",0,-0.4,0,23,0
"121",121,"Tottenham",2023-02-05,"H","Manchester City","Premier League","W",1,0,1,36,1,0,0,0,1.4,1.3,"Matchweek 22","2022-23",3,0.0999999999999999,0,22,1
"122",122,"Tottenham",2023-01-28,"A","Preston North End","FA Cup","W",3,0,3,69,3,0,0,0,0.8,0.3,"4th Round","2022-23",3,0.5,0,4,0
"123",123,"Tottenham",2023-01-23,"A","Fulham","Premier League","W",1,0,1,47,1,0,0,0,0.9,1,"Matchweek 21","2022-23",3,-0.1,0,21,0
"124",124,"Tottenham",2023-01-19,"A","Manchester City","Premier League","L",2,4,-2,41,2,0,0,0,0.8,2.3,"Matchweek 7","2022-23",0,-1.5,0,7,1
"125",125,"Tottenham",2023-01-15,"H","Arsenal","Premier League","L",0,2,-2,51,0,0,0,0,1.6,1.8,"Matchweek 20","2022-23",0,-0.2,0,20,1
"126",126,"Tottenham",2023-01-07,"H","Portsmouth","FA Cup","W",1,0,1,72,1,0,0,0,1.2,0.2,"3rd Round","2022-23",3,1,0,3,0
"127",127,"Tottenham",2023-01-04,"A","Crystal Palace","Premier League","W",4,0,4,53,4,0,0,0,1.4,0.8,"Matchweek 19","2022-23",3,0.6,0,19,0
"128",128,"Tottenham",2023-01-01,"H","Aston Villa","Premier League","L",0,2,-2,59,0,0,0,0,0.7,1,"Matchweek 18","2022-23",0,-0.3,0,18,0
"129",129,"Tottenham",2022-12-26,"A","Brentford","Premier League","D",2,2,0,61,2,0,0,0,1.1,2,"Matchweek 17","2022-23",1,-0.9,0,17,0
"130",130,"Tottenham",2022-11-12,"H","Leeds United","Premier League","W",4,3,1,55,4,0,0,0,1.8,1.1,"Matchweek 16","2022-23",3,0.7,0,16,0
"131",131,"Tottenham",2022-11-09,"A","Nottingham Forest","EFL Cup","L",0,2,-2,59,0,0,0,0,1.4,0.6,"3rd Round","2022-23",0,0.8,0,3,0
"132",132,"Tottenham",2022-11-06,"H","Liverpool","Premier League","L",1,2,-1,47,1,0,0,0,1.2,1.2,"Matchweek 15","2022-23",0,0,0,15,1
"133",133,"Tottenham",2022-11-01,"A","Marseille","Champions League","W",2,1,1,36,2,0,0,0,0.6,1.4,"Group Stage","2022-23",3,-0.8,0,NA,0
"134",134,"Tottenham",2022-10-29,"A","Bournemouth","Premier League","W",3,2,1,69,3,0,0,0,2,0.5,"Matchweek 14","2022-23",3,1.5,0,14,0
"135",135,"Tottenham",2022-10-26,"H","Sporting CP","Champions League","D",1,1,0,58,1,0,0,0,1.7,0.8,"Group Stage","2022-23",1,0.9,0,NA,0
"136",136,"Tottenham",2022-10-23,"H","Newcastle United","Premier League","L",1,2,-1,52,1,0,0,0,1.6,1.2,"Matchweek 13","2022-23",0,0.4,0,13,0
"137",137,"Tottenham",2022-10-19,"A","Manchester Utd","Premier League","L",0,2,-2,48,0,0,0,0,0.6,1.5,"Matchweek 12","2022-23",0,-0.9,0,12,1
"138",138,"Tottenham",2022-10-15,"H","Everton","Premier League","W",2,0,2,62,1,1,1,0,2.2,0.4,"Matchweek 11","2022-23",3,1.8,0,11,0
"139",139,"Tottenham",2022-10-12,"H","Eintracht Frankfurt","Champions League","W",3,2,1,51,2,1,2,1,3,1.2,"Group Stage","2022-23",3,1.8,0,NA,0
"140",140,"Tottenham",2022-10-08,"A","Brighton","Premier League","W",1,0,1,41,1,0,0,0,0.8,0.7,"Matchweek 10","2022-23",3,0.1,0,10,0
"141",141,"Tottenham",2022-10-04,"A","Eintracht Frankfurt","Champions League","D",0,0,0,56,0,0,0,0,1.5,1,"Group Stage","2022-23",1,0.5,0,NA,0
"142",142,"Tottenham",2022-10-01,"A","Arsenal","Premier League","L",1,3,-2,35,0,1,1,0,1.6,2.4,"Matchweek 9","2022-23",0,-0.8,0,9,1
"143",143,"Tottenham",2022-09-17,"H","Leicester City","Premier League","W",6,2,4,44,6,0,0,0,2.2,1.8,"Matchweek 8","2022-23",3,0.4,0,8,0
"144",144,"Tottenham",2022-09-13,"A","Sporting CP","Champions League","L",0,2,-2,45,0,0,0,0,0.9,0.9,"Group Stage","2022-23",0,0,0,NA,0
"145",145,"Tottenham",2022-09-07,"H","Marseille","Champions League","W",2,0,2,50,2,0,0,0,1.5,0.4,"Group Stage","2022-23",3,1.1,0,NA,0
"146",146,"Tottenham",2022-09-03,"H","Fulham","Premier League","W",2,1,1,52,2,0,0,0,2.9,0.7,"Matchweek 6","2022-23",3,2.2,0,6,0
"147",147,"Tottenham",2022-08-31,"A","West Ham United","Premier League","D",1,1,0,62,0,0,0,0,0.6,1.2,"Matchweek 5","2022-23",1,-0.6,0,5,0
"148",148,"Tottenham",2022-08-28,"A","Nottingham Forest","Premier League","W",2,0,2,45,2,0,1,1,2.4,0.9,"Matchweek 4","2022-23",3,1.5,0,4,0
"149",149,"Tottenham",2022-08-20,"H","Wolves","Premier League","W",1,0,1,50,1,0,0,0,1.7,0.7,"Matchweek 3","2022-23",3,1,0,3,0
"150",150,"Tottenham",2022-08-14,"A","Chelsea","Premier League","D",2,2,0,36,2,0,0,0,1,1.6,"Matchweek 2","2022-23",1,-0.6,0,2,1
"151",151,"Tottenham",2022-08-06,"H","Southampton","Premier League","W",4,1,3,58,3,0,0,0,1.5,0.5,"Matchweek 1","2022-23",3,1,0,1,0
"152",152,"Tottenham",2022-05-22,"A","Norwich City","Premier League","W",5,0,5,60,5,0,0,0,3.4,0.5,"Matchweek 38","2021-22",3,2.9,0,38,1
"153",153,"Tottenham",2022-05-15,"H","Burnley","Premier League","W",1,0,1,69,0,1,1,0,2.2,0.7,"Matchweek 37","2021-22",3,1.5,0,37,1
"154",154,"Tottenham",2022-05-12,"H","Arsenal","Premier League","W",3,0,3,58,2,1,1,0,2.7,0.5,"Matchweek 22","2021-22",3,2.2,0,22,1
"155",155,"Tottenham",2022-05-07,"A","Liverpool","Premier League","D",1,1,0,35,1,0,0,0,0.9,1.3,"Matchweek 36","2021-22",1,-0.4,0,36,1
"156",156,"Tottenham",2022-05-01,"H","Leicester City","Premier League","W",3,1,2,39,3,0,0,0,1.2,0.5,"Matchweek 35","2021-22",3,0.7,0,35,1
"157",157,"Tottenham",2022-04-23,"A","Brentford","Premier League","D",0,0,0,56,0,0,0,0,0.6,0.9,"Matchweek 34","2021-22",1,-0.3,0,34,1
"158",158,"Tottenham",2022-04-16,"H","Brighton","Premier League","L",0,1,-1,49,0,0,0,0,0.5,0.6,"Matchweek 33","2021-22",0,-0.1,0,33,1
"159",159,"Tottenham",2022-04-09,"A","Aston Villa","Premier League","W",4,0,4,49,4,0,0,0,1.1,1.6,"Matchweek 32","2021-22",3,-0.5,0,32,0
"160",160,"Tottenham",2022-04-03,"H","Newcastle United","Premier League","W",5,1,4,62,5,0,0,0,3.1,0.5,"Matchweek 31","2021-22",3,2.6,0,31,0
"161",161,"Tottenham",2022-03-20,"H","West Ham United","Premier League","W",3,1,2,53,2,0,0,0,3,0.6,"Matchweek 30","2021-22",3,2.4,0,30,0
"162",162,"Tottenham",2022-03-16,"A","Brighton","Premier League","W",2,0,2,52,2,0,0,0,2.2,0.7,"Matchweek 16","2021-22",3,1.5,0,16,0
"163",163,"Tottenham",2022-03-12,"A","Manchester Utd","Premier League","L",2,3,-1,57,0,1,1,0,1.5,1,"Matchweek 29","2021-22",0,0.5,0,29,1
"164",164,"Tottenham",2022-03-07,"H","Everton","Premier League","W",5,0,5,55,4,0,0,0,2.5,0.2,"Matchweek 28","2021-22",3,2.3,0,28,0
"165",165,"Tottenham",2022-03-01,"A","Middlesbrough","FA Cup","L",0,1,-1,49,0,0,0,0,1.1,0.8,"5th Round","2021-22",0,0.3,0,5,0
"166",166,"Tottenham",2022-02-26,"A","Leeds United","Premier League","W",4,0,4,51,4,0,0,0,1.9,1.5,"Matchweek 27","2021-22",3,0.4,0,27,0
"167",167,"Tottenham",2022-02-23,"A","Burnley","Premier League","L",0,1,-1,66,0,0,0,0,0.7,0.9,"Matchweek 13","2021-22",0,-0.2,0,13,0
"168",168,"Tottenham",2022-02-19,"A","Manchester City","Premier League","W",3,2,1,29,3,0,0,0,1.4,2.1,"Matchweek 26","2021-22",3,-0.7,0,26,1
"169",169,"Tottenham",2022-02-13,"H","Wolves","Premier League","L",0,2,-2,59,0,0,0,0,1.2,1.3,"Matchweek 25","2021-22",0,-0.1,0,25,0
"170",170,"Tottenham",2022-02-09,"H","Southampton","Premier League","L",2,3,-1,48,1,0,0,0,1.4,2.2,"Matchweek 24","2021-22",0,-0.8,0,24,0
"171",171,"Tottenham",2022-02-05,"H","Brighton","FA Cup","W",3,1,2,43,2,0,0,0,1.1,0.8,"4th Round","2021-22",3,0.3,0,4,0
"172",172,"Tottenham",2022-01-23,"A","Chelsea","Premier League","L",0,2,-2,35,0,0,0,0,0.5,1.2,"Matchweek 23","2021-22",0,-0.7,0,23,1
"173",173,"Tottenham",2022-01-19,"A","Leicester City","Premier League","W",3,2,1,51,3,0,0,0,3.1,1.2,"Matchweek 17","2021-22",3,1.9,0,17,0
"174",174,"Tottenham",2022-01-12,"H","Chelsea","EFL Cup","L",0,1,-1,36,0,0,0,0,NA,NA,"Semi-Finals","2021-22",0,NA,0,NA,1
"175",175,"Tottenham",2022-01-09,"H","Morecambe","FA Cup","W",3,1,2,79,3,0,0,0,NA,NA,"3rd Round","2021-22",3,NA,0,3,0
"176",176,"Tottenham",2022-01-05,"A","Chelsea","EFL Cup","L",0,2,-2,36,0,0,0,0,NA,NA,"Semi-Finals","2021-22",0,NA,0,NA,1
"177",177,"Tottenham",2022-01-01,"A","Watford","Premier League","W",1,0,1,74,1,0,0,0,2.2,0.3,"Matchweek 21","2021-22",3,1.9,0,21,0
"178",178,"Tottenham",2021-12-28,"A","Southampton","Premier League","D",1,1,0,65,0,1,1,0,2.3,0.4,"Matchweek 20","2021-22",1,1.9,0,20,0
"179",179,"Tottenham",2021-12-26,"H","Crystal Palace","Premier League","W",3,0,3,60,3,0,0,0,2.3,0.2,"Matchweek 19","2021-22",3,2.1,0,19,0
"180",180,"Tottenham",2021-12-22,"H","West Ham United","EFL Cup","W",2,1,1,43,2,0,0,0,NA,NA,"Quarter-Finals","2021-22",3,NA,0,NA,1
"181",181,"Tottenham",2021-12-19,"H","Liverpool","Premier League","D",2,2,0,44,2,0,0,0,3,1.1,"Matchweek 18","2021-22",1,1.9,0,18,1
"182",182,"Tottenham",2021-12-09,"H","Rennes","Conference League","L",0,3,-3,NA,NA,NA,NA,NA,NA,NA,"Group Stage","2021-22",0,NA,0,NA,0
"183",183,"Tottenham",2021-12-05,"H","Norwich City","Premier League","W",3,0,3,41,3,0,0,0,1.6,1.2,"Matchweek 15","2021-22",3,0.4,0,15,0
"184",184,"Tottenham",2021-12-02,"H","Brentford","Premier League","W",2,0,2,47,1,0,0,0,1.9,0.3,"Matchweek 14","2021-22",3,1.6,0,14,0
"185",185,"Tottenham",2021-11-25,"A","NŠ Mura","Conference League","L",1,2,-1,NA,1,0,0,0,1.2,0.5,"Group Stage","2021-22",0,0.7,0,NA,0
"186",186,"Tottenham",2021-11-21,"H","Leeds United","Premier League","W",2,1,1,43,2,0,0,0,2.1,1.4,"Matchweek 12","2021-22",3,0.7,0,12,0
"187",187,"Tottenham",2021-11-07,"A","Everton","Premier League","D",0,0,0,55,0,0,0,0,0.7,0.6,"Matchweek 11","2021-22",1,0.1,0,11,0
"188",188,"Tottenham",2021-11-04,"H","Vitesse","Conference League","W",3,2,1,NA,2,0,0,0,2.3,1,"Group Stage","2021-22",3,1.3,0,NA,0
"189",189,"Tottenham",2021-10-30,"H","Manchester Utd","Premier League","L",0,3,-3,58,0,0,0,0,1,1.5,"Matchweek 10","2021-22",0,-0.5,0,10,1
"190",190,"Tottenham",2021-10-27,"A","Burnley","EFL Cup","W",1,0,1,62,1,0,0,0,NA,NA,"4th Round","2021-22",3,NA,0,4,0
"191",191,"Tottenham",2021-10-24,"A","West Ham United","Premier League","L",0,1,-1,62,0,0,0,0,0.7,1.3,"Matchweek 9","2021-22",0,-0.6,0,9,0
"192",192,"Tottenham",2021-10-21,"A","Vitesse","Conference League","L",0,1,-1,NA,0,0,0,0,0.4,0.6,"Group Stage","2021-22",0,-0.2,0,NA,0
"193",193,"Tottenham",2021-10-17,"A","Newcastle United","Premier League","W",3,2,1,64,3,0,0,0,1.7,0.4,"Matchweek 8","2021-22",3,1.3,0,8,0
"194",194,"Tottenham",2021-10-03,"H","Aston Villa","Premier League","W",2,1,1,57,1,0,0,0,1.3,1.2,"Matchweek 7","2021-22",3,0.1,0,7,0
"195",195,"Tottenham",2021-09-30,"H","NŠ Mura","Conference League","W",5,1,4,NA,4,1,1,0,2.4,0.2,"Group Stage","2021-22",3,2.2,0,NA,0
"196",196,"Tottenham",2021-09-26,"A","Arsenal","Premier League","L",1,3,-2,53,1,0,0,0,1,1.1,"Matchweek 6","2021-22",0,-0.1,0,6,1
"197",197,"Tottenham",2021-09-22,"A","Wolves","EFL Cup","D",2,2,0,49,2,0,0,0,NA,NA,"3rd Round","2021-22",1,NA,0,3,0
"198",198,"Tottenham",2021-09-19,"H","Chelsea","Premier League","L",0,3,-3,47,0,0,0,0,0.5,2.1,"Matchweek 5","2021-22",0,-1.6,0,5,1
"199",199,"Tottenham",2021-09-16,"A","Rennes","Conference League","D",2,2,0,NA,1,0,0,0,1.3,2,"Group Stage","2021-22",1,-0.7,0,NA,0
"200",200,"Tottenham",2021-09-11,"A","Crystal Palace","Premier League","L",0,3,-3,38,0,0,0,0,0.1,2.1,"Matchweek 4","2021-22",0,-2,0,4,0
"201",201,"Tottenham",2021-08-29,"H","Watford","Premier League","W",1,0,1,58,1,0,0,0,1,0.8,"Matchweek 3","2021-22",3,0.2,0,3,0
"202",202,"Tottenham",2021-08-26,"H","Paços de Ferreira","Conference League","W",3,0,3,NA,3,0,0,0,NA,NA,"Play-off round","2021-22",3,NA,0,NA,0
"203",203,"Tottenham",2021-08-22,"A","Wolves","Premier League","W",1,0,1,42,0,1,1,0,1.7,1.7,"Matchweek 2","2021-22",3,0,0,2,0
"204",204,"Tottenham",2021-08-19,"A","Paços de Ferreira","Conference League","L",0,1,-1,NA,0,0,0,0,NA,NA,"Play-off round","2021-22",0,NA,0,NA,0
"205",205,"Tottenham",2021-08-15,"H","Manchester City","Premier League","W",1,0,1,35,1,0,0,0,1,1.8,"Matchweek 1","2021-22",3,-0.8,0,1,1
"206",206,"Tottenham",2021-05-23,"A","Leicester City","Premier League","W",4,2,2,53,3,0,0,0,1.5,1.9,"Matchweek 38","2020-21",3,-0.4,0,38,1
"207",207,"Tottenham",2021-05-19,"H","Aston Villa","Premier League","L",1,2,-1,61,1,0,0,0,0.8,1.4,"Matchweek 37","2020-21",0,-0.6,0,37,1
"208",208,"Tottenham",2021-05-16,"H","Wolves","Premier League","W",2,0,2,62,2,0,0,0,3.2,0.9,"Matchweek 36","2020-21",3,2.3,0,36,1
"209",209,"Tottenham",2021-05-08,"A","Leeds United","Premier League","L",1,3,-2,47,1,0,0,0,0.9,2.5,"Matchweek 35","2020-21",0,-1.6,0,35,1
"210",210,"Tottenham",2021-05-02,"H","Sheffield United","Premier League","W",4,0,4,67,4,0,0,0,2.2,0.5,"Matchweek 34","2020-21",3,1.7,0,34,1
"211",211,"Tottenham",2021-04-25,"A","Manchester City","EFL Cup","L",0,1,-1,38,0,0,0,0,NA,NA,"Final","2020-21",0,NA,0,NA,1
"212",212,"Tottenham",2021-04-21,"H","Southampton","Premier League","W",2,1,1,62,1,1,1,0,1.4,0.8,"Matchweek 29","2020-21",3,0.6,0,29,0
"213",213,"Tottenham",2021-04-16,"A","Everton","Premier League","D",2,2,0,47,2,0,0,0,1.4,1.8,"Matchweek 32","2020-21",1,-0.4,0,32,0
"214",214,"Tottenham",2021-04-11,"H","Manchester Utd","Premier League","L",1,3,-2,47,1,0,0,0,0.9,2.1,"Matchweek 31","2020-21",0,-1.2,0,31,1
"215",215,"Tottenham",2021-04-04,"A","Newcastle United","Premier League","D",2,2,0,59,2,0,0,0,2.7,3.4,"Matchweek 30","2020-21",1,-0.7,0,30,0
"216",216,"Tottenham",2021-03-21,"A","Aston Villa","Premier League","W",2,0,2,51,1,1,1,0,1.8,0.4,"Matchweek 18","2020-21",3,1.4,0,18,0
"217",217,"Tottenham",2021-03-18,"A","Dinamo Zagreb","Europa League","L",0,3,-3,57,0,0,0,0,1.9,1.3,"Round of 16","2020-21",0,0.6,0,16,1
"218",218,"Tottenham",2021-03-14,"A","Arsenal","Premier League","L",1,2,-1,47,1,0,0,0,0.4,1.7,"Matchweek 28","2020-21",0,-1.3,0,28,1
"219",219,"Tottenham",2021-03-11,"H","Dinamo Zagreb","Europa League","W",2,0,2,68,2,0,0,0,1.5,0.3,"Round of 16","2020-21",3,1.2,0,16,1
"220",220,"Tottenham",2021-03-07,"H","Crystal Palace","Premier League","W",4,1,3,64,4,0,0,0,2.7,0.5,"Matchweek 27","2020-21",3,2.2,0,27,0
"221",221,"Tottenham",2021-03-04,"A","Fulham","Premier League","W",1,0,1,41,0,0,0,0,1.6,0.7,"Matchweek 33","2020-21",3,0.9,0,33,1
"222",222,"Tottenham",2021-02-28,"H","Burnley","Premier League","W",4,0,4,59,4,0,0,0,2.1,0.7,"Matchweek 26","2020-21",3,1.4,0,26,0
"223",223,"Tottenham",2021-02-24,"H","Wolfsberger AC","Europa League","W",4,0,4,55,4,0,0,0,2.2,0.3,"Round of 32","2020-21",3,1.9,0,32,0
"224",224,"Tottenham",2021-02-21,"A","West Ham United","Premier League","L",1,2,-1,69,1,0,0,0,1.1,1.1,"Matchweek 25","2020-21",0,0,0,25,0
"225",225,"Tottenham",2021-02-18,"N","Wolfsberger AC","Europa League","W",4,1,3,62,4,0,0,0,2.3,1.7,"Round of 32","2020-21",3,0.6,0,32,0
"226",226,"Tottenham",2021-02-13,"A","Manchester City","Premier League","L",0,3,-3,39,0,0,0,0,0.3,2.2,"Matchweek 24","2020-21",0,-1.9,0,24,1
"227",227,"Tottenham",2021-02-10,"A","Everton","FA Cup","L",4,5,-1,57,4,0,0,0,NA,NA,"5th Round","2020-21",0,NA,0,5,0
"228",228,"Tottenham",2021-02-07,"H","West Brom","Premier League","W",2,0,2,66,2,0,0,0,1.5,0.6,"Matchweek 23","2020-21",3,0.9,0,23,0
"229",229,"Tottenham",2021-02-04,"H","Chelsea","Premier League","L",0,1,-1,42,0,0,0,0,0.6,1.6,"Matchweek 22","2020-21",0,-1,0,22,1
"230",230,"Tottenham",2021-01-31,"A","Brighton","Premier League","L",0,1,-1,57,0,0,0,0,0.4,1.6,"Matchweek 21","2020-21",0,-1.2,0,21,0
"231",231,"Tottenham",2021-01-28,"H","Liverpool","Premier League","L",1,3,-2,50,1,0,0,0,0.1,2.5,"Matchweek 20","2020-21",0,-2.4,0,20,1
"232",232,"Tottenham",2021-01-25,"A","Wycombe Wanderers","FA Cup","W",4,1,3,73,4,0,0,0,NA,NA,"4th Round","2020-21",3,NA,0,4,0
"233",233,"Tottenham",2021-01-17,"A","Sheffield United","Premier League","W",3,1,2,58,3,0,0,0,1,0.9,"Matchweek 19","2020-21",3,0.1,0,19,0
"234",234,"Tottenham",2021-01-13,"H","Fulham","Premier League","D",1,1,0,52,1,0,0,0,2.4,1.1,"Matchweek 16","2020-21",1,1.3,0,16,0
"235",235,"Tottenham",2021-01-10,"A","Marine FC","FA Cup","W",5,0,5,75,5,0,0,0,NA,NA,"3rd Round","2020-21",3,NA,0,3,0
"236",236,"Tottenham",2021-01-05,"H","Brentford","EFL Cup","W",2,0,2,54,2,0,0,0,NA,NA,"Semi-Finals","2020-21",3,NA,0,NA,1
"237",237,"Tottenham",2021-01-02,"H","Leeds United","Premier League","W",3,0,3,36,2,1,1,0,2.6,1.1,"Matchweek 17","2020-21",3,1.5,0,17,0
"238",238,"Tottenham",2020-12-27,"A","Wolves","Premier League","D",1,1,0,45,1,0,0,0,0.4,0.9,"Matchweek 15","2020-21",1,-0.5,0,15,0
"239",239,"Tottenham",2020-12-23,"A","Stoke City","EFL Cup","W",3,1,2,66,3,0,0,0,NA,NA,"Quarter-Finals","2020-21",3,NA,0,NA,1
"240",240,"Tottenham",2020-12-20,"H","Leicester City","Premier League","L",0,2,-2,56,0,0,0,0,0.7,1.7,"Matchweek 14","2020-21",0,-1,0,14,0
"241",241,"Tottenham",2020-12-16,"A","Liverpool","Premier League","L",1,2,-1,24,1,0,0,0,1.1,1,"Matchweek 13","2020-21",0,0.1,0,13,1
"242",242,"Tottenham",2020-12-13,"A","Crystal Palace","Premier League","D",1,1,0,57,1,0,0,0,0.9,1.6,"Matchweek 12","2020-21",1,-0.7,0,12,0
"243",243,"Tottenham",2020-12-10,"H","Antwerp","Europa League","W",2,0,2,44,2,0,0,0,3.2,0.1,"Group Stage","2020-21",3,3.1,0,NA,0
"244",244,"Tottenham",2020-12-06,"H","Arsenal","Premier League","W",2,0,2,31,2,0,0,0,0.3,0.6,"Matchweek 11","2020-21",3,-0.3,0,11,1
"245",245,"Tottenham",2020-12-03,"A","LASK","Europa League","D",3,3,0,46,1,2,2,0,2.3,1,"Group Stage","2020-21",1,1.3,0,NA,0
"246",246,"Tottenham",2020-11-29,"A","Chelsea","Premier League","D",0,0,0,40,0,0,0,0,0.2,0.8,"Matchweek 10","2020-21",1,-0.6,0,10,1
"247",247,"Tottenham",2020-11-26,"H","Ludogorets Razgrad","Europa League","W",4,0,4,61,4,0,0,0,3.3,0,"Group Stage","2020-21",3,3.3,0,NA,0
"248",248,"Tottenham",2020-11-21,"H","Manchester City","Premier League","W",2,0,2,34,2,0,0,0,0.7,1.4,"Matchweek 9","2020-21",3,-0.7,0,9,1
"249",249,"Tottenham",2020-11-08,"A","West Brom","Premier League","W",1,0,1,59,1,0,0,0,1.9,0.8,"Matchweek 8","2020-21",3,1.1,0,8,0
"250",250,"Tottenham",2020-11-05,"A","Ludogorets Razgrad","Europa League","W",3,1,2,56,3,0,0,0,4.1,0.8,"Group Stage","2020-21",3,3.3,0,NA,0
"251",251,"Tottenham",2020-11-01,"H","Brighton","Premier League","W",2,1,1,44,1,1,1,0,1.7,0.3,"Matchweek 7","2020-21",3,1.4,0,7,0
"252",252,"Tottenham",2020-10-29,"A","Antwerp","Europa League","L",0,1,-1,57,0,0,0,0,0.7,1.8,"Group Stage","2020-21",0,-1.1,0,NA,0
"253",253,"Tottenham",2020-10-26,"A","Burnley","Premier League","W",1,0,1,62,1,0,0,0,0.6,1,"Matchweek 6","2020-21",3,-0.4,0,6,0
"254",254,"Tottenham",2020-10-22,"H","LASK","Europa League","W",3,0,3,55,2,0,0,0,2.3,0.7,"Group Stage","2020-21",3,1.6,0,NA,0
"255",255,"Tottenham",2020-10-18,"H","West Ham United","Premier League","D",3,3,0,52,3,0,0,0,1.7,1.9,"Matchweek 5","2020-21",1,-0.2,0,5,0
"256",256,"Tottenham",2020-10-04,"A","Manchester Utd","Premier League","W",6,1,5,62,5,1,1,0,3.4,0.9,"Matchweek 4","2020-21",3,2.5,0,4,1
"257",257,"Tottenham",2020-10-01,"H","Maccabi Haifa","Europa League","W",7,2,5,53,5,2,2,0,4.1,0.8,"Play-off round","2020-21",3,3.3,0,NA,0
"258",258,"Tottenham",2020-09-29,"H","Chelsea","EFL Cup","D",1,1,0,37,1,0,0,0,NA,NA,"4th Round","2020-21",1,NA,0,4,1
"259",259,"Tottenham",2020-09-27,"H","Newcastle United","Premier League","D",1,1,0,66,1,0,0,0,2.9,1,"Matchweek 3","2020-21",1,1.9,0,3,0
"260",260,"Tottenham",2020-09-22,"A","Leyton Orient","EFL Cup","W",3,0,3,NA,NA,NA,NA,NA,NA,NA,"3rd Round","2020-21",3,NA,0,3,0
"261",261,"Tottenham",2020-09-20,"A","Southampton","Premier League","W",5,2,3,47,5,0,0,0,2.1,2,"Matchweek 2","2020-21",3,0.1,0,2,0
"262",262,"Tottenham",2020-09-13,"H","Everton","Premier League","L",0,1,-1,51,0,0,0,0,1.1,1.2,"Matchweek 1","2020-21",0,-0.0999999999999999,0,1,0
"263",263,"Tottenham",2020-07-26,"A","Crystal Palace","Premier League","D",1,1,0,53,1,0,0,0,0.3,0.8,"Matchweek 38","2019-20",1,-0.5,0,38,1
"264",264,"Tottenham",2020-07-19,"H","Leicester City","Premier League","W",3,0,3,30,2,0,0,0,0.8,1.7,"Matchweek 37","2019-20",3,-0.9,0,37,1
"265",265,"Tottenham",2020-07-15,"A","Newcastle United","Premier League","W",3,1,2,47,3,0,0,0,1.5,1.1,"Matchweek 36","2019-20",3,0.4,0,36,1
"266",266,"Tottenham",2020-07-12,"H","Arsenal","Premier League","W",2,1,1,37,2,0,0,0,2,0.6,"Matchweek 35","2019-20",3,1.4,0,35,1
"267",267,"Tottenham",2020-07-09,"A","Bournemouth","Premier League","D",0,0,0,64,0,0,0,0,0.5,1.4,"Matchweek 34","2019-20",1,-0.9,0,34,1
"268",268,"Tottenham",2020-07-06,"H","Everton","Premier League","W",1,0,1,51,0,0,0,0,0.5,0.5,"Matchweek 33","2019-20",3,0,0,33,1
"269",269,"Tottenham",2020-07-02,"A","Sheffield United","Premier League","L",1,3,-2,67,1,0,0,0,1.1,1.6,"Matchweek 32","2019-20",0,-0.5,0,32,0
"270",270,"Tottenham",2020-06-23,"H","West Ham United","Premier League","W",2,0,2,65,1,0,0,0,2.3,1.2,"Matchweek 31","2019-20",3,1.1,0,31,0
"271",271,"Tottenham",2020-06-19,"H","Manchester Utd","Premier League","D",1,1,0,39,1,0,0,0,0.4,1.7,"Matchweek 30","2019-20",1,-1.3,0,30,1
"272",272,"Tottenham",2020-03-10,"A","RB Leipzig","Champions League","L",0,3,-3,46,0,0,0,0,0.3,0.9,"Round of 16","2019-20",0,-0.6,0,16,1
"273",273,"Tottenham",2020-03-07,"A","Burnley","Premier League","D",1,1,0,55,0,1,1,0,1.2,3,"Matchweek 29","2019-20",1,-1.8,0,29,0
"274",274,"Tottenham",2020-03-04,"H","Norwich City","FA Cup","D",1,1,0,50,1,0,0,0,NA,NA,"5th Round","2019-20",1,NA,0,5,0
"275",275,"Tottenham",2020-03-01,"H","Wolves","Premier League","L",2,3,-1,65,2,0,0,0,1.7,2.6,"Matchweek 28","2019-20",0,-0.9,0,28,0
"276",276,"Tottenham",2020-02-22,"A","Chelsea","Premier League","L",1,2,-1,51,0,0,0,0,0.2,1.7,"Matchweek 27","2019-20",0,-1.5,0,27,1
"277",277,"Tottenham",2020-02-19,"H","RB Leipzig","Champions League","L",0,1,-1,44,0,0,0,0,1.1,2.1,"Round of 16","2019-20",0,-1,0,16,1
"278",278,"Tottenham",2020-02-16,"A","Aston Villa","Premier League","W",3,2,1,46,3,0,1,1,2.1,1.5,"Matchweek 26","2019-20",3,0.6,0,26,0
"279",279,"Tottenham",2020-02-05,"H","Southampton","FA Cup","W",3,2,1,44,1,1,1,0,NA,NA,"","2019-20",3,NA,0,NA,0
"280",280,"Tottenham",2020-02-02,"H","Manchester City","Premier League","W",2,0,2,33,2,0,0,0,0.3,2.4,"Matchweek 25","2019-20",3,-2.1,0,25,1
"281",281,"Tottenham",2020-01-25,"A","Southampton","FA Cup","D",1,1,0,41,1,0,0,0,NA,NA,"4th Round","2019-20",1,NA,0,4,0
"282",282,"Tottenham",2020-01-22,"H","Norwich City","Premier League","W",2,1,1,51,2,0,0,0,2.1,1.5,"Matchweek 24","2019-20",3,0.6,0,24,0
"283",283,"Tottenham",2020-01-18,"A","Watford","Premier League","D",0,0,0,59,0,0,0,0,1.9,2.5,"Matchweek 23","2019-20",1,-0.6,0,23,0
"284",284,"Tottenham",2020-01-14,"H","Middlesbrough","FA Cup","W",2,1,1,68,2,0,0,0,NA,NA,"3rd Round","2019-20",3,NA,0,3,0
"285",285,"Tottenham",2020-01-11,"H","Liverpool","Premier League","L",0,1,-1,33,0,0,0,0,1.2,1.2,"Matchweek 22","2019-20",0,0,0,22,1
"286",286,"Tottenham",2020-01-05,"A","Middlesbrough","FA Cup","D",1,1,0,71,1,0,0,0,NA,NA,"3rd Round","2019-20",1,NA,0,3,0
"287",287,"Tottenham",2020-01-01,"A","Southampton","Premier League","L",0,1,-1,59,0,0,0,0,0.9,1.3,"Matchweek 21","2019-20",0,-0.4,0,21,0
"288",288,"Tottenham",2019-12-28,"A","Norwich City","Premier League","D",2,2,0,59,1,1,1,0,1.9,0.2,"Matchweek 20","2019-20",1,1.7,0,20,0
"289",289,"Tottenham",2019-12-26,"H","Brighton","Premier League","W",2,1,1,54,2,0,0,0,0.8,1,"Matchweek 19","2019-20",3,-0.2,0,19,0
"290",290,"Tottenham",2019-12-22,"H","Chelsea","Premier League","L",0,2,-2,45,0,0,0,0,0.3,1.3,"Matchweek 18","2019-20",0,-1,0,18,1
"291",291,"Tottenham",2019-12-15,"A","Wolves","Premier League","W",2,1,1,42,2,0,0,0,0.9,0.9,"Matchweek 17","2019-20",3,0,0,17,0
"292",292,"Tottenham",2019-12-11,"A","Bayern Munich","Champions League","L",1,3,-2,30,1,0,0,0,1,2.9,"Group Stage","2019-20",0,-1.9,0,NA,0
"293",293,"Tottenham",2019-12-07,"H","Burnley","Premier League","W",5,0,5,49,5,0,0,0,2.6,0.9,"Matchweek 16","2019-20",3,1.7,0,16,0
"294",294,"Tottenham",2019-12-04,"A","Manchester Utd","Premier League","L",1,2,-1,54,1,0,0,0,0.9,1.4,"Matchweek 15","2019-20",0,-0.5,0,15,1
"295",295,"Tottenham",2019-11-30,"H","Bournemouth","Premier League","W",3,2,1,54,3,0,0,0,2.3,1.1,"Matchweek 14","2019-20",3,1.2,0,14,0
"296",296,"Tottenham",2019-11-26,"H","Olympiacos","Champions League","W",4,2,2,58,4,0,0,0,2.2,1.2,"Group Stage","2019-20",3,1,0,NA,0
"297",297,"Tottenham",2019-11-23,"A","West Ham United","Premier League","W",3,2,1,53,3,0,0,0,2.1,0.7,"Matchweek 13","2019-20",3,1.4,0,13,0
"298",298,"Tottenham",2019-11-09,"H","Sheffield United","Premier League","D",1,1,0,61,1,0,0,0,1.8,0.9,"Matchweek 12","2019-20",1,0.9,0,12,0
"299",299,"Tottenham",2019-11-06,"A","Red Star","Champions League","W",4,0,4,67,4,0,0,0,2.5,0.5,"Group Stage","2019-20",3,2,0,NA,0
"300",300,"Tottenham",2019-11-03,"A","Everton","Premier League","D",1,1,0,52,1,0,0,0,0.6,1.1,"Matchweek 11","2019-20",1,-0.5,0,11,0
"301",301,"Tottenham",2019-10-27,"A","Liverpool","Premier League","L",1,2,-1,32,1,0,0,0,1.2,2.6,"Matchweek 10","2019-20",0,-1.4,0,10,1
"302",302,"Tottenham",2019-10-22,"H","Red Star","Champions League","W",5,0,5,59,5,0,0,0,3.7,0.6,"Group Stage","2019-20",3,3.1,0,NA,0
"303",303,"Tottenham",2019-10-19,"H","Watford","Premier League","D",1,1,0,70,1,0,0,0,1,0.7,"Matchweek 9","2019-20",1,0.3,0,9,0
"304",304,"Tottenham",2019-10-05,"A","Brighton","Premier League","L",0,3,-3,52,0,0,0,0,0.4,2.4,"Matchweek 8","2019-20",0,-2,0,8,0
"305",305,"Tottenham",2019-10-01,"H","Bayern Munich","Champions League","L",2,7,-5,41,1,1,1,0,1.9,1.3,"Group Stage","2019-20",0,0.6,0,NA,0
"306",306,"Tottenham",2019-09-28,"H","Southampton","Premier League","W",2,1,1,41,2,0,0,0,1,1.5,"Matchweek 7","2019-20",3,-0.5,0,7,0
"307",307,"Tottenham",2019-09-24,"A","Colchester United","EFL Cup","D",0,0,0,75,0,0,0,0,NA,NA,"3rd Round","2019-20",1,NA,0,3,0
"308",308,"Tottenham",2019-09-21,"A","Leicester City","Premier League","L",1,2,-1,56,1,0,0,0,1.1,1.3,"Matchweek 6","2019-20",0,-0.2,0,6,0
"309",309,"Tottenham",2019-09-18,"A","Olympiacos","Champions League","D",2,2,0,56,1,1,1,0,1.7,1.7,"Group Stage","2019-20",1,0,0,NA,0
"310",310,"Tottenham",2019-09-14,"H","Crystal Palace","Premier League","W",4,0,4,64,3,0,0,0,1,0.6,"Matchweek 5","2019-20",3,0.4,0,5,0
"311",311,"Tottenham",2019-09-01,"A","Arsenal","Premier League","D",2,2,0,45,1,1,1,0,2,2.4,"Matchweek 4","2019-20",1,-0.4,0,4,1
"312",312,"Tottenham",2019-08-25,"H","Newcastle United","Premier League","L",0,1,-1,80,0,0,0,0,1.1,0.8,"Matchweek 3","2019-20",0,0.3,0,3,0
"313",313,"Tottenham",2019-08-17,"A","Manchester City","Premier League","D",2,2,0,44,2,0,0,0,0.1,2.9,"Matchweek 2","2019-20",1,-2.8,0,2,1
"314",314,"Tottenham",2019-08-10,"H","Aston Villa","Premier League","W",3,1,2,70,3,0,0,0,2.4,0.7,"Matchweek 1","2019-20",3,1.7,0,1,0
"315",316,"Tottenham",2019-05-12,"H","Everton","Premier League","D",2,2,0,55,2,0,0,0,0.6,2,"Matchweek 38","2018-19",1,-1.4,0,38,1
"316",317,"Tottenham",2019-05-08,"A","Ajax","Champions League","W",3,2,1,60,3,0,0,0,4.2,1.6,"Semi-Finals","2018-19",3,2.6,0,NA,1
"317",318,"Tottenham",2019-05-04,"A","Bournemouth","Premier League","L",0,1,-1,47,0,0,0,0,0.7,1.7,"Matchweek 37","2018-19",0,-1,0,37,1
"318",319,"Tottenham",2019-04-30,"H","Ajax","Champions League","L",0,1,-1,51,0,0,0,0,0.6,1.3,"Semi-Finals","2018-19",0,-0.7,0,NA,1
"319",320,"Tottenham",2019-04-27,"H","West Ham United","Premier League","L",0,1,-1,63,0,0,0,0,1.6,1.1,"Matchweek 36","2018-19",0,0.5,0,36,1
"320",321,"Tottenham",2019-04-23,"H","Brighton","Premier League","W",1,0,1,78,1,0,0,0,1.3,0.3,"Matchweek 33","2018-19",3,1,0,33,1
"321",322,"Tottenham",2019-04-20,"A","Manchester City","Premier League","L",0,1,-1,40,0,0,0,0,1,1.9,"Matchweek 35","2018-19",0,-0.9,0,35,1
"322",323,"Tottenham",2019-04-17,"A","Manchester City","Champions League","L",3,4,-1,34,3,0,0,0,0.7,2.5,"Quarter-Finals","2018-19",0,-1.8,0,NA,1
"323",324,"Tottenham",2019-04-13,"H","Huddersfield Town","Premier League","W",4,0,4,70,4,0,0,0,2.5,0.8,"Matchweek 34","2018-19",3,1.7,0,34,1
"324",325,"Tottenham",2019-04-09,"H","Manchester City","Champions League","W",1,0,1,41,1,0,0,0,0.9,1.3,"Quarter-Finals","2018-19",3,-0.4,0,NA,1
"325",326,"Tottenham",2019-04-03,"H","Crystal Palace","Premier League","W",2,0,2,65,2,0,0,0,2.1,0.3,"Matchweek 31","2018-19",3,1.8,0,31,0
"326",327,"Tottenham",2019-03-31,"A","Liverpool","Premier League","L",1,2,-1,51,1,0,0,0,0.7,1,"Matchweek 32","2018-19",0,-0.3,0,32,1
"327",328,"Tottenham",2019-03-09,"A","Southampton","Premier League","L",1,2,-1,63,1,0,0,0,1.3,2.1,"Matchweek 30","2018-19",0,-0.8,0,30,0
"328",329,"Tottenham",2019-03-05,"A","Dortmund","Champions League","W",1,0,1,36,1,0,0,0,1,1.4,"Round of 16","2018-19",3,-0.4,0,16,1
"329",330,"Tottenham",2019-03-02,"H","Arsenal","Premier League","D",1,1,0,60,0,1,1,0,1.6,2.6,"Matchweek 29","2018-19",1,-1,0,29,1
"330",331,"Tottenham",2019-02-27,"A","Chelsea","Premier League","L",0,2,-2,54,0,0,0,0,0.6,0.6,"Matchweek 28","2018-19",0,0,0,28,1
"331",332,"Tottenham",2019-02-23,"A","Burnley","Premier League","L",1,2,-1,70,1,0,0,0,0.9,1.2,"Matchweek 27","2018-19",0,-0.3,0,27,0
"332",333,"Tottenham",2019-02-13,"H","Dortmund","Champions League","W",3,0,3,53,3,0,0,0,1.8,0.3,"Round of 16","2018-19",3,1.5,0,16,1
"333",334,"Tottenham",2019-02-10,"H","Leicester City","Premier League","W",3,1,2,53,3,0,0,0,1.1,3.3,"Matchweek 26","2018-19",3,-2.2,0,26,0
"334",335,"Tottenham",2019-02-02,"H","Newcastle United","Premier League","W",1,0,1,72,1,0,0,0,2.2,0.4,"Matchweek 25","2018-19",3,1.8,0,25,0
"335",336,"Tottenham",2019-01-30,"H","Watford","Premier League","W",2,1,1,69,2,0,0,0,1.7,0.5,"Matchweek 24","2018-19",3,1.2,0,24,0
"336",337,"Tottenham",2019-01-27,"A","Crystal Palace","FA Cup","L",0,2,-2,72,0,0,1,1,NA,NA,"4th Round","2018-19",0,NA,0,4,0
"337",338,"Tottenham",2019-01-24,"A","Chelsea","EFL Cup","L",1,2,-1,46,1,0,0,0,NA,NA,"Semi-Finals","2018-19",0,NA,0,NA,1
"338",339,"Tottenham",2019-01-20,"A","Fulham","Premier League","W",2,1,1,73,2,0,0,0,1.7,0.9,"Matchweek 23","2018-19",3,0.8,0,23,0
"339",340,"Tottenham",2019-01-13,"H","Manchester Utd","Premier League","L",0,1,-1,61,0,0,0,0,1.8,0.8,"Matchweek 22","2018-19",0,1,0,22,1
"340",341,"Tottenham",2019-01-08,"H","Chelsea","EFL Cup","W",1,0,1,42,0,1,1,0,NA,NA,"Semi-Finals","2018-19",3,NA,0,NA,1
"341",342,"Tottenham",2019-01-04,"A","Tranmere Rovers","FA Cup","W",7,0,7,74,7,0,0,0,NA,NA,"3rd Round","2018-19",3,NA,0,3,0
"342",343,"Tottenham",2019-01-01,"A","Cardiff City","Premier League","W",3,0,3,73,3,0,0,0,1.1,0.9,"Matchweek 21","2018-19",3,0.2,0,21,0
"343",344,"Tottenham",2018-12-29,"H","Wolves","Premier League","L",1,3,-2,61,1,0,0,0,0.3,0.9,"Matchweek 20","2018-19",0,-0.6,0,20,0
"344",345,"Tottenham",2018-12-26,"H","Bournemouth","Premier League","W",5,0,5,57,5,0,0,0,1.7,1.1,"Matchweek 19","2018-19",3,0.6,0,19,0
"345",346,"Tottenham",2018-12-23,"A","Everton","Premier League","W",6,2,4,59,6,0,0,0,2,0.9,"Matchweek 18","2018-19",3,1.1,0,18,0
"346",347,"Tottenham",2018-12-19,"A","Arsenal","EFL Cup","W",2,0,2,46,2,0,0,0,NA,NA,"Quarter-Finals","2018-19",3,NA,0,NA,1
"347",348,"Tottenham",2018-12-15,"H","Burnley","Premier League","W",1,0,1,70,1,0,0,0,1.7,0.5,"Matchweek 17","2018-19",3,1.2,0,17,0
"348",349,"Tottenham",2018-12-11,"A","Barcelona","Champions League","D",1,1,0,51,1,0,0,0,2.4,1.3,"Group Stage","2018-19",1,1.1,0,NA,0
"349",350,"Tottenham",2018-12-08,"A","Leicester City","Premier League","W",2,0,2,58,2,0,0,0,0.9,0.4,"Matchweek 16","2018-19",3,0.5,0,16,0
"350",351,"Tottenham",2018-12-05,"H","Southampton","Premier League","W",3,1,2,52,3,0,0,0,1.6,1.7,"Matchweek 15","2018-19",3,-0.0999999999999999,0,15,0
"351",352,"Tottenham",2018-12-02,"A","Arsenal","Premier League","L",2,4,-2,41,1,1,1,0,1.2,2.7,"Matchweek 14","2018-19",0,-1.5,0,14,1
"352",353,"Tottenham",2018-11-28,"H","Inter","Champions League","W",1,0,1,52,1,0,0,0,1.3,1,"Group Stage","2018-19",3,0.3,0,NA,0
"353",354,"Tottenham",2018-11-24,"H","Chelsea","Premier League","W",3,1,2,40,3,0,0,0,3.1,1,"Matchweek 13","2018-19",3,2.1,0,13,1
"354",355,"Tottenham",2018-11-10,"A","Crystal Palace","Premier League","W",1,0,1,65,1,0,0,0,1.2,0.8,"Matchweek 12","2018-19",3,0.4,0,12,0
"355",356,"Tottenham",2018-11-06,"H","PSV","Champions League","W",2,1,1,75,2,0,0,0,3.5,0.6,"Group Stage","2018-19",3,2.9,0,NA,0
"356",357,"Tottenham",2018-11-03,"A","Wolves","Premier League","W",3,2,1,51,3,0,0,0,1.4,2.7,"Matchweek 11","2018-19",3,-1.3,0,11,0
"357",358,"Tottenham",2018-10-31,"A","West Ham United","EFL Cup","W",3,1,2,50,3,0,0,0,NA,NA,"4th Round","2018-19",3,NA,0,4,0
"358",359,"Tottenham",2018-10-29,"H","Manchester City","Premier League","L",0,1,-1,48,0,0,0,0,0.4,1.6,"Matchweek 10","2018-19",0,-1.2,0,10,1
"359",360,"Tottenham",2018-10-24,"A","PSV","Champions League","D",2,2,0,71,2,0,0,0,2,0.9,"Group Stage","2018-19",1,1.1,0,NA,0
"360",361,"Tottenham",2018-10-20,"A","West Ham United","Premier League","W",1,0,1,56,1,0,0,0,0.9,0.8,"Matchweek 9","2018-19",3,0.1,0,9,0
"361",362,"Tottenham",2018-10-06,"H","Cardiff City","Premier League","W",1,0,1,76,1,0,0,0,2,1.2,"Matchweek 8","2018-19",3,0.8,0,8,0
"362",363,"Tottenham",2018-10-03,"H","Barcelona","Champions League","L",2,4,-2,39,2,0,0,0,0.5,1.4,"Group Stage","2018-19",0,-0.9,0,NA,0
"363",364,"Tottenham",2018-09-29,"A","Huddersfield Town","Premier League","W",2,0,2,47,1,1,1,0,2.1,0.4,"Matchweek 7","2018-19",3,1.7,0,7,0
"364",365,"Tottenham",2018-09-26,"H","Watford","EFL Cup","D",2,2,0,52,1,1,1,0,NA,NA,"3rd Round","2018-19",1,NA,0,3,0
"365",366,"Tottenham",2018-09-22,"A","Brighton","Premier League","W",2,1,1,71,1,1,1,0,1.9,0.8,"Matchweek 6","2018-19",3,1.1,0,6,0
"366",367,"Tottenham",2018-09-18,"A","Inter","Champions League","L",1,2,-1,54,1,0,0,0,0.8,1.2,"Group Stage","2018-19",0,-0.4,0,NA,0
"367",368,"Tottenham",2018-09-15,"H","Liverpool","Premier League","L",1,2,-1,60,1,0,0,0,1,2.6,"Matchweek 5","2018-19",0,-1.6,0,5,1
"368",369,"Tottenham",2018-09-02,"A","Watford","Premier League","L",1,2,-1,66,0,0,0,0,0.6,0.4,"Matchweek 4","2018-19",0,0.2,0,4,0
"369",370,"Tottenham",2018-08-27,"A","Manchester Utd","Premier League","W",3,0,3,43,3,0,0,0,1.2,1.5,"Matchweek 3","2018-19",3,-0.3,0,3,1
"370",371,"Tottenham",2018-08-18,"H","Fulham","Premier League","W",3,1,2,60,3,0,0,0,2.9,1.6,"Matchweek 2","2018-19",3,1.3,0,2,0
"371",372,"Tottenham",2018-08-11,"A","Newcastle United","Premier League","W",2,1,1,60,2,0,0,0,2,1,"Matchweek 1","2018-19",3,1,0,1,0
"372",373,"Tottenham",2018-05-13,"H","Leicester City","Premier League","W",5,4,1,65,4,0,0,0,1.8,1.4,"Matchweek 38","2017-18",3,0.4,0,38,1
"373",374,"Tottenham",2018-05-09,"H","Newcastle United","Premier League","W",1,0,1,63,1,0,0,0,0.8,1,"Matchweek 31","2017-18",3,-0.2,0,31,0
"374",375,"Tottenham",2018-05-05,"A","West Brom","Premier League","L",0,1,-1,74,0,0,0,0,1.2,1.6,"Matchweek 37","2017-18",0,-0.4,0,37,1
"375",376,"Tottenham",2018-04-30,"H","Watford","Premier League","W",2,0,2,61,2,0,0,0,1.4,1.3,"Matchweek 36","2017-18",3,0.0999999999999999,0,36,1
"376",377,"Tottenham",2018-04-21,"A","Manchester Utd","FA Cup","L",1,2,-1,64,1,0,0,0,NA,NA,"Semi-Finals","2017-18",0,NA,0,NA,1
"377",378,"Tottenham",2018-04-17,"A","Brighton","Premier League","D",1,1,0,64,1,0,0,0,1.3,1.1,"Matchweek 35","2017-18",1,0.2,0,35,1
"378",379,"Tottenham",2018-04-14,"H","Manchester City","Premier League","L",1,3,-2,48,1,0,0,0,0.4,2.9,"Matchweek 34","2017-18",0,-2.5,0,34,1
"379",380,"Tottenham",2018-04-07,"A","Stoke City","Premier League","W",2,1,1,67,2,0,0,0,1.7,1.4,"Matchweek 33","2017-18",3,0.3,0,33,1
"380",381,"Tottenham",2018-04-01,"A","Chelsea","Premier League","W",3,1,2,51,3,0,0,0,1.4,1,"Matchweek 32","2017-18",3,0.4,0,32,1
"381",382,"Tottenham",2018-03-17,"A","Swansea City","FA Cup","W",3,0,3,75,3,0,0,0,NA,NA,"Quarter-Finals","2017-18",3,NA,0,NA,1
"382",383,"Tottenham",2018-03-11,"A","Bournemouth","Premier League","W",4,1,3,63,4,0,0,0,2.4,1.2,"Matchweek 30","2017-18",3,1.2,0,30,0
"383",384,"Tottenham",2018-03-07,"H","Juventus","Champions League","L",1,2,-1,54,1,0,0,0,1.7,1.5,"Round of 16","2017-18",0,0.2,0,16,1
"384",385,"Tottenham",2018-03-03,"H","Huddersfield Town","Premier League","W",2,0,2,75,2,0,0,0,1.6,0.1,"Matchweek 29","2017-18",3,1.5,0,29,0
"385",386,"Tottenham",2018-02-28,"H","Rochdale","FA Cup","W",6,1,5,63,6,0,0,0,NA,NA,"5th Round","2017-18",3,NA,0,5,0
"386",387,"Tottenham",2018-02-25,"A","Crystal Palace","Premier League","W",1,0,1,76,1,0,0,0,1.7,0.2,"Matchweek 28","2017-18",3,1.5,0,28,0
"387",388,"Tottenham",2018-02-18,"A","Rochdale","FA Cup","D",2,2,0,65,1,1,1,0,NA,NA,"5th Round","2017-18",1,NA,0,5,0
"388",389,"Tottenham",2018-02-13,"A","Juventus","Champions League","D",2,2,0,67,2,0,0,0,1.8,2.5,"Round of 16","2017-18",1,-0.7,0,16,1
"389",390,"Tottenham",2018-02-10,"H","Arsenal","Premier League","W",1,0,1,50,1,0,0,0,2.6,0.6,"Matchweek 27","2017-18",3,2,0,27,1
"390",391,"Tottenham",2018-02-07,"H","Newport County","FA Cup","W",2,0,2,74,1,0,0,0,NA,NA,"4th Round","2017-18",3,NA,0,4,0
"391",392,"Tottenham",2018-02-04,"A","Liverpool","Premier League","D",2,2,0,66,1,1,2,1,2.6,1.2,"Matchweek 26","2017-18",1,1.4,0,26,1
"392",393,"Tottenham",2018-01-31,"H","Manchester Utd","Premier League","W",2,0,2,53,1,0,0,0,1.5,1,"Matchweek 25","2017-18",3,0.5,0,25,1
"393",394,"Tottenham",2018-01-27,"A","Newport County","FA Cup","D",1,1,0,71,1,0,0,0,NA,NA,"4th Round","2017-18",1,NA,0,4,0
"394",395,"Tottenham",2018-01-21,"A","Southampton","Premier League","D",1,1,0,59,1,0,0,0,1.2,0.8,"Matchweek 24","2017-18",1,0.4,0,24,0
"395",396,"Tottenham",2018-01-13,"H","Everton","Premier League","W",4,0,4,61,4,0,0,0,3.8,0.3,"Matchweek 23","2017-18",3,3.5,0,23,0
"396",397,"Tottenham",2018-01-07,"H","AFC Wimbledon","FA Cup","W",3,0,3,81,3,0,0,0,NA,NA,"3rd Round","2017-18",3,NA,0,3,0
"397",398,"Tottenham",2018-01-04,"H","West Ham United","Premier League","D",1,1,0,71,1,0,0,0,1.8,0.5,"Matchweek 21","2017-18",1,1.3,0,21,0
"398",399,"Tottenham",2018-01-02,"A","Swansea City","Premier League","W",2,0,2,68,2,0,0,0,1.3,0.4,"Matchweek 22","2017-18",3,0.9,0,22,0
"399",400,"Tottenham",2017-12-26,"H","Southampton","Premier League","W",5,2,3,57,5,0,0,0,3,0.8,"Matchweek 20","2017-18",3,2.2,0,20,0
"400",401,"Tottenham",2017-12-23,"A","Burnley","Premier League","W",3,0,3,60,2,1,1,0,3.1,0.2,"Matchweek 19","2017-18",3,2.9,0,19,0
"401",402,"Tottenham",2017-12-16,"A","Manchester City","Premier League","L",1,4,-3,47,1,0,0,0,0.2,3.4,"Matchweek 18","2017-18",0,-3.2,0,18,1
"402",403,"Tottenham",2017-12-13,"H","Brighton","Premier League","W",2,0,2,75,2,0,0,0,1.5,0.4,"Matchweek 17","2017-18",3,1.1,0,17,0
"403",404,"Tottenham",2017-12-09,"H","Stoke City","Premier League","W",5,1,4,71,4,0,0,0,3.6,0.5,"Matchweek 16","2017-18",3,3.1,0,16,0
"404",405,"Tottenham",2017-12-06,"H","APOEL FC","Champions League","W",3,0,3,66,3,0,0,0,2.3,0.6,"Group Stage","2017-18",3,1.7,0,NA,0
"405",406,"Tottenham",2017-12-02,"A","Watford","Premier League","D",1,1,0,50,1,0,0,0,0.8,0.4,"Matchweek 15","2017-18",1,0.4,0,15,0
"406",407,"Tottenham",2017-11-28,"A","Leicester City","Premier League","L",1,2,-1,63,1,0,0,0,2.4,0.6,"Matchweek 14","2017-18",0,1.8,0,14,0
"407",408,"Tottenham",2017-11-25,"H","West Brom","Premier League","D",1,1,0,73,1,0,0,0,1.8,0.7,"Matchweek 13","2017-18",1,1.1,0,13,0
"408",409,"Tottenham",2017-11-21,"A","Dortmund","Champions League","W",2,1,1,50,2,0,0,0,1.1,1.1,"Group Stage","2017-18",3,0,0,NA,0
"409",410,"Tottenham",2017-11-18,"A","Arsenal","Premier League","L",0,2,-2,58,0,0,0,0,0.7,2.1,"Matchweek 12","2017-18",0,-1.4,0,12,1
"410",411,"Tottenham",2017-11-05,"H","Crystal Palace","Premier League","W",1,0,1,68,1,0,0,0,0.9,0.8,"Matchweek 11","2017-18",3,0.1,0,11,0
"411",412,"Tottenham",2017-11-01,"H","Real Madrid","Champions League","W",3,1,2,37,3,0,0,0,2.3,2.2,"Group Stage","2017-18",3,0.0999999999999996,0,NA,0
"412",413,"Tottenham",2017-10-28,"A","Manchester Utd","Premier League","L",0,1,-1,55,0,0,0,0,1.2,0.8,"Matchweek 10","2017-18",0,0.4,0,10,1
"413",414,"Tottenham",2017-10-25,"H","West Ham United","EFL Cup","L",2,3,-1,61,2,0,0,0,NA,NA,"4th Round","2017-18",0,NA,0,4,0
"414",415,"Tottenham",2017-10-22,"H","Liverpool","Premier League","W",4,1,3,36,4,0,0,0,2,0.6,"Matchweek 9","2017-18",3,1.4,0,9,1
"415",416,"Tottenham",2017-10-17,"A","Real Madrid","Champions League","D",1,1,0,34,0,0,0,0,0.9,2.9,"Group Stage","2017-18",1,-2,0,NA,0
"416",417,"Tottenham",2017-10-14,"H","Bournemouth","Premier League","W",1,0,1,73,1,0,0,0,1.8,0.2,"Matchweek 8","2017-18",3,1.6,0,8,0
"417",418,"Tottenham",2017-09-30,"A","Huddersfield Town","Premier League","W",4,0,4,60,4,0,0,0,1.5,0.2,"Matchweek 7","2017-18",3,1.3,0,7,0
"418",419,"Tottenham",2017-09-26,"A","APOEL FC","Champions League","W",3,0,3,59,3,0,0,0,1.8,1,"Group Stage","2017-18",3,0.8,0,NA,0
"419",420,"Tottenham",2017-09-23,"A","West Ham United","Premier League","W",3,2,1,51,3,0,0,0,1.2,0.6,"Matchweek 6","2017-18",3,0.6,0,6,0
"420",421,"Tottenham",2017-09-19,"H","Barnsley","EFL Cup","W",1,0,1,73,1,0,0,0,NA,NA,"3rd Round","2017-18",3,NA,0,3,0
"421",422,"Tottenham",2017-09-16,"H","Swansea City","Premier League","D",0,0,0,75,0,0,0,0,1.1,0.2,"Matchweek 5","2017-18",1,0.9,0,5,0
"422",423,"Tottenham",2017-09-13,"H","Dortmund","Champions League","W",3,1,2,32,3,0,0,0,1.2,0.8,"Group Stage","2017-18",3,0.4,0,NA,0
"423",424,"Tottenham",2017-09-09,"A","Everton","Premier League","W",3,0,3,49,3,0,0,0,1.8,0.9,"Matchweek 4","2017-18",3,0.9,0,4,0
"424",425,"Tottenham",2017-08-27,"H","Burnley","Premier League","D",1,1,0,67,1,0,0,0,2.3,0.9,"Matchweek 3","2017-18",1,1.4,0,3,0
"425",426,"Tottenham",2017-08-20,"H","Chelsea","Premier League","L",1,2,-1,68,0,0,0,0,0.7,0.7,"Matchweek 2","2017-18",0,0,0,2,1
"426",427,"Tottenham",2017-08-13,"A","Newcastle United","Premier League","W",2,0,2,73,2,0,0,0,2.5,0.8,"Matchweek 1","2017-18",3,1.7,0,1,0
